Cell,SampleTemp,total thick,l1,l2,l3,l4,l5,l6,l7,l8
3,21.478975,3.0165000,0.190708426,0.833696646,3.10001127,1.206533915,0.638082056,0.619368542,0.75800388,1.123593686
3,21.46978,3.0165000,0.190766306,0.833853056,3.092442484,1.206625448,0.638142272,0.619386324,0.75844304,1.123244933
3,21.460306,3.0165000,0.190923621,0.833976731,3.090894637,1.206627815,0.638201709,0.619406344,0.759144504,1.12315621
3,21.452355,3.0165000,0.190811427,0.833986322,3.091821996,1.206686023,0.638247261,0.619473997,0.759265329,1.12302119
3,21.445808,3.0165000,0.190918702,0.834119539,3.097777212,1.206685107,0.63827166,0.619545232,0.759197918,1.12331496
3,21.438673,3.0165000,0.191020916,0.834176578,3.092175491,1.206756799,0.638316578,0.619640299,0.759380512,1.123284729
3,21.432292,3.0165000,0.190891837,0.834081676,3.095213115,1.206814746,0.638312428,0.619617045,0.75924296,1.123175299
3,21.426593,3.0165000,0.19100722,0.834169899,3.092748638,1.206902286,0.638382258,0.619659249,0.759218854,1.12329598
3,21.420199,3.0165000,0.19099061,0.834150131,3.093651835,1.206950427,0.638390151,0.619713349,0.759157577,1.123421121
3,21.415176,3.0165000,0.190947838,0.834020808,3.095349168,1.206931925,0.638405031,0.619758296,0.759139755,1.123028122
3,21.409824,3.0165000,0.190894642,0.83392026,0,1.20698401,0.638411951,0.619759216,0.759037608,1.123416084
3,21.406698,3.0165000,0.190912757,0.834043622,0,1.207054229,0.638446274,0.619760331,0.758928792,1.123128571
3,21.403284,3.0165000,0.190894568,0.833892764,3.097338441,1.207052024,0.638478118,0.619771455,0.758989015,1.123035384
3,21.400262,3.0165000,0.19091386,0.833872215,3.089609752,1.207099095,0.638458586,0.619788975,0.758963813,1.123164444
3,21.396573,3.0165000,0.190946399,0.833880145,3.095784713,1.207091755,0.638487252,0.619786534,0.758916868,1.123075371
3,21.395069,3.0165000,0.190957308,0.833892098,3.090666797,1.207165767,0.638515065,0.619863539,0.759044392,1.123209908
3,21.392098,3.0165000,0.190882155,0.833773159,3.091565742,1.207218072,0.638528097,0.619797629,0.759075402,1.123148376
3,21.390416,3.0165000,0.191005932,0.834009947,3.093471874,1.207216669,0.638573393,0.619860683,0.759051211,1.123260567
3,21.38941,3.0165000,0.191007268,0.833958769,3.091007786,1.207244096,0.638539224,0.619883635,0.759040555,1.123130842
3,21.387089,3.0165000,0.191023386,0.833879907,3.092931373,1.207256082,0.638581971,0.619877801,0.759057025,1.123567989
3,21.385563,3.0165000,0.190923338,0.833776157,3.093748784,1.207278115,0.638582169,0.619904284,0.759108754,1.123153529
3,21.38385,3.0165000,0.191014658,0.833863726,3.103133685,1.207309925,0.638580942,0.619906596,0.75903889,1.123288857
3,21.381666,3.0165000,0.190992659,0.833808798,3.107601716,1.20728883,0.638603611,0.619944187,0.759077777,1.123040551
3,21.380319,3.0165000,0.191026328,0.833851937,3.082302057,1.207373935,0.638599053,0.61994817,0.759144752,1.123199081
3,21.379358,3.0165000,0.190968232,0.833775898,3.085633702,1.207376952,0.638605196,0.619934192,0.759120663,1.122931384
3,21.378345,3.0165000,0.190955182,0.833784727,3.094542373,1.207405284,0.638635768,0.619960047,0.75915188,1.123312534
3,21.376721,3.0165000,0.191000725,0.833779194,3.096453707,1.207438892,0.638613456,0.619941685,0.759083539,1.123000835
3,21.375921,3.0165000,0.191004894,0.833870402,3.085078495,1.207437268,0.63865009,0.620000926,0.759124285,1.123428
3,21.374078,3.0165000,0.191100244,0.833881405,3.088156829,1.207534413,0.638729829,0.620060573,0.759226574,1.123424195
3,21.359948,3.0165000,0.190935553,0.833300016,3.094631304,1.207578387,0.638629905,0.619965625,0.759177719,1.123350762
3,21.359382,3.0165000,0.190870242,0.833440888,3.098905607,1.207537023,0.638675152,0.619929461,0.759105101,1.122783257
3,21.358011,3.0165000,0.191031861,0.83360819,3.094516796,1.207526164,0.638678921,0.619962223,0.759132043,1.123011676
3,21.356216,3.0165000,0.190926529,0.833435635,3.102008007,1.207531566,0.638662249,0.61991053,0.759004495,1.122853835
3,21.355395,3.0165000,0.190952377,0.833547384,3.092515446,1.20754731,0.63866575,0.619966543,0.759073243,1.122837412
3,21.35448,3.0165000,0.191095544,0.83365463,3.086615553,1.207584641,0.638675118,0.619974057,0.758914151,1.12305098
4,21.474935,3.017,0.191913178,0.834642935,3.100089354,1.206928511,0.638626829,0.619939087,0.759233242,1.123981817
4,21.468971,3.017,0.191683918,0.834508385,3.106746468,1.206988537,0.638705188,0.620014747,0.759312413,1.123470396
4,21.462322,3.017,0.191713556,0.834537613,3.099208625,1.207072295,0.638754374,0.620106294,0.759317041,1.123245476
4,21.455846,3.017,0.191831363,0.834590862,3.101767059,1.207095743,0.638723295,0.61999286,0.759305207,1.123469358
4,21.448972,3.017,0.191844891,0.834578689,3.102497406,1.207172617,0.63880235,0.620147931,0.759373486,1.123705419
4,21.442058,3.017,0.192004211,0.834693472,3.095177664,1.207221427,0.638829613,0.620157862,0.759533131,1.123722409
4,21.436899,3.017,0.191626246,0.834338405,3.090286251,1.207259156,0.638854886,0.620208924,0.759353481,1.123800265
4,21.431886,3.017,0.191923668,0.834614336,3.099466186,1.207313419,0.638855666,0.620204257,0.759447225,1.123047037
4,21.426574,3.017,0.192057788,0.834833641,3.102235015,1.207453424,0.638999004,0.620341727,0.759492076,1.12361332
4,21.422029,3.017,0.192316949,0.834932545,3.107227042,1.207750907,0.639294161,0.620704114,0.759816943,1.123745416
4,21.417201,3.017,0.19178499,0.834579399,0,1.20748915,0.638973094,0.62031386,0.759457847,1.12322149
4,21.414291,3.017,0.191797545,0.834407481,3.091400784,1.207501696,0.638950539,0.620338481,0.759426427,1.123387367
4,21.410625,3.017,0.192431627,0.835116028,3.091929832,1.208242948,0.639751746,0.621095456,0.760203813,1.123128392
4,21.405497,3.017,0.191940123,0.834500009,3.098804548,1.207576602,0.639014028,0.620377345,0.759513748,1.123434051
4,21.401936,3.017,0.19194852,0.834554617,0,1.207659082,0.639085943,0.620429125,0.759600135,1.123522644
4,21.398538,3.017,0.19183721,0.834327959,3.091887538,1.207666519,0.639065609,0.62040218,0.759534008,1.123094731
4,21.394331,3.017,0.191874377,0.834363391,3.09908073,1.207699569,0.639093406,0.620428137,0.759566359,1.123373308
4,21.391281,3.017,0.192007105,0.834408651,3.088270382,1.207711541,0.639143254,0.6204918,0.759594658,1.123382526
4,21.388436,3.017,0.191930996,0.834346738,3.091802699,1.207709673,0.639092711,0.620454528,0.75959733,1.123166561
4,21.385492,3.017,0.191844566,0.834309741,3.08683024,1.207777131,0.639114222,0.620468538,0.759496581,1.123622214
4,21.383023,3.017,0.191838447,0.834240563,3.0934325,1.20774923,0.639135399,0.62050108,0.759561279,1.123216716
4,21.380279,3.017,0.191968106,0.834336754,3.094031138,1.207823696,0.639151296,0.620488812,0.759598065,1.123144785
4,21.37833,3.017,0.192080327,0.834463693,3.10204298,1.207818083,0.639154828,0.620556211,0.759598473,1.123526579
4,21.379607,3.017,0.192047097,0.834385369,3.100883503,1.207830504,0.639116548,0.620476214,0.759425719,1.123514764
4,21.378089,3.017,0.191830064,0.834271694,3.096212691,1.207891459,0.639166819,0.620544777,0.759496576,1.122991282
4,21.378403,3.017,0.191965965,0.834381282,3.093486405,1.20789534,0.639157204,0.62056335,0.759551956,1.123337803
4,21.373493,3.017,0.191755932,0.834080976,3.090855197,1.20789496,0.639158522,0.620500397,0.75936201,1.123596985
4,21.372172,3.017,0.191753582,0.834066707,3.100252351,1.207902633,0.639182508,0.620532014,0.759517567,1.123120534
4,21.372555,3.017,0.191765535,0.834094414,3.096659866,1.207924234,0.639164655,0.620508133,0.759567848,1.122645565
4,21.37286,3.017,0.191831671,0.834100973,3.107241444,1.207940363,0.639184806,0.620535119,0.759595676,1.123349244
4,21.37146,3.017,0.191888706,0.834186965,3.095433764,1.207950634,0.63920699,0.620531225,0.759522763,1.123263704
4,21.371656,3.017,0.191894157,0.834114643,3.097329285,1.207939754,0.639161691,0.620494556,0.759479944,1.123006006
4,21.37075,3.017,0.19185643,0.834033304,3.088784267,1.207970499,0.639189591,0.620502157,0.759581519,1.123438504
4,21.372063,3.017,0.19178847,0.83408917,3.103335899,1.207948226,0.639171703,0.620523132,0.759512446,1.123129139
4,21.370653,3.017,0.191894824,0.834111017,3.08884284,1.208009159,0.639224853,0.620532255,0.759555471,1.123269745
5,21.52478,3.017,0.191425991,0.834599438,3.103281936,1.206248479,0.638283682,0.619629976,0.75906337,1.124161571
5,21.516423,3.017,0.191063543,0.834486354,3.098610219,1.206358708,0.638305896,0.619597786,0.759006392,1.123539957
5,21.508084,3.017,0.191185047,0.834529691,3.092310845,1.206359292,0.638346932,0.619638346,0.759039292,1.123212341
5,21.500366,3.017,0.191187431,0.834549671,3.094797038,1.206417926,0.638380076,0.619661929,0.759087949,1.123382805
5,21.493781,3.017,0.191073854,0.834496474,3.098230773,1.206506764,0.638439408,0.619712697,0.75897611,1.123010042
5,21.486566,3.017,0.191149602,0.834419293,3.090764891,1.206484997,0.638451554,0.619717317,0.75901835,1.123039158
5,21.481625,3.017,0.191154715,0.834456536,3.106795066,1.206618104,0.638512187,0.619776425,0.759130976,1.123206326
5,21.475763,3.017,0.191130356,0.834374869,3.092188917,1.206619162,0.638501804,0.619823037,0.759084924,1.123141611
5,21.469793,3.017,0.191180122,0.834368781,3.090344443,1.206698768,0.638515363,0.619838316,0.759162148,1.123400874
5,21.465552,3.017,0.191268869,0.834368776,3.097102055,1.206710728,0.638519057,0.619844746,0.759118837,1.123197149
5,21.460211,3.017,0.191184474,0.834300118,3.094833833,1.206802446,0.638594206,0.619890553,0.759128407,1.123544645
5,21.455713,3.017,0.191241928,0.834338299,3.096903752,1.206832263,0.638588025,0.6199094,0.759122352,1.123085201
5,21.451589,3.017,0.191185863,0.834279444,3.091113551,1.206848115,0.638595693,0.619885366,0.759230664,1.123075193
5,21.4468,3.017,0.191479988,0.834408239,3.101729243,1.206916047,0.638630084,0.61991987,0.75915197,1.123462135
5,21.442345,3.017,0.191441881,0.834404613,3.101411314,1.206952748,0.638650749,0.619966127,0.759210868,1.123404258
5,21.43858,3.017,0.19147179,0.834524952,3.097680812,1.206991748,0.638701689,0.619986773,0.759174588,1.123388306
5,21.434707,3.017,0.191376903,0.834454926,3.097189154,1.207161205,0.638793583,0.620109218,0.759269989,1.123011007
5,21.432406,3.017,0.191248551,0.834275512,0,1.207176835,0.638796175,0.620064532,0.75916074,1.123282612
5,21.430374,3.017,0.191270283,0.834196047,3.086319075,1.207047159,0.638655166,0.620000593,0.75912815,1.123013696
5,21.428487,3.017,0.191180779,0.834076031,3.103979138,1.207060873,0.638725791,0.620055493,0.759236399,1.122672507
5,21.425888,3.017,0.191274622,0.834163561,3.101012451,1.207114578,0.638762023,0.620029834,0.759185862,1.123337508
5,21.423392,3.017,0.191184702,0.834084711,3.089393379,1.207139514,0.638735077,0.620076996,0.759221947,1.123304829
5,21.421332,3.017,0.19120014,0.834035856,3.096529607,1.207232015,0.638768909,0.620038768,0.759105848,1.122887352
5,21.419292,3.017,0.191274516,0.834070338,3.094781601,1.207187793,0.638772142,0.620078147,0.759258218,1.122976958
5,21.417308,3.017,0.191150193,0.834042628,3.10519958,1.207224657,0.638775075,0.6200771,0.759160688,1.122551366
5,21.415801,3.017,0.191291761,0.834162344,3.09442791,1.207318211,0.638823075,0.620135614,0.759225653,1.122765527
5,21.414537,3.017,0.191231124,0.833952207,3.09574583,1.207266903,0.638799425,0.62012546,0.759156348,1.12310093
5,21.413876,3.017,0.191277855,0.834003158,3.09104414,1.207261345,0.63878289,0.620076135,0.75913982,1.123221665
5,21.412995,3.017,0.191183912,0.83402549,3.095222777,1.207317193,0.63881113,0.620096657,0.759135526,1.123112976
5,21.411373,3.017,0.191228172,0.833996566,3.097264049,1.207298509,0.638811287,0.620075328,0.759171604,1.12313756
5,21.410299,3.017,0.191219292,0.833995752,3.090336674,1.207309279,0.638821726,0.620142954,0.759179669,1.122883179
5,21.408612,3.017,0.191300028,0.833912616,3.097992299,1.207316408,0.638841901,0.620145819,0.75923524,1.122791294
5,21.408711,3.017,0.191201877,0.833899628,3.094972178,1.207311055,0.638808364,0.620115765,0.759142032,1.122903342
5,21.408118,3.017,0.191263269,0.833913445,3.092787121,1.207298787,0.638844007,0.620128142,0.759076323,1.122885569
5,21.407353,3.017,0.191239481,0.833966867,3.093617172,1.207390997,0.638886759,0.620160281,0.75911499,1.122838183
6,21.3677,3.0165,0.19006034,0.832214562,3.097252021,1.205914432,0.637071265,0.618264088,0.756423141,1.119663374
6,21.365312,3.0165,0.190074159,0.832186233,3.097923835,1.20600835,0.637150826,0.618300193,0.756014132,1.119374688
6,21.362533,3.0165,0.190019919,0.832194166,3.091557097,1.206108617,0.637164114,0.618297063,0.756090055,1.119073892
6,21.359189,3.0165,0.190171335,0.83222831,3.084756224,1.206073428,0.637246346,0.618354882,0.756394437,1.118741735
6,21.355551,3.0165,0.190507477,0.832545029,3.090527841,1.206094439,0.637267719,0.618435809,0.757376562,1.119521827
6,21.350423,3.0165,0.190450503,0.832414356,3.090311189,1.206160372,0.637285369,0.618426668,0.757258452,1.120294185
6,21.347682,3.0165,0.190479701,0.832542632,3.107378041,1.206174177,0.637314151,0.618544892,0.757315661,1.119653255
6,21.345351,3.0165,0.190507788,0.832533545,3.091204967,1.206221559,0.637326376,0.618522946,0.757295133,1.119683561
6,21.34087,3.0165,0.190534392,0.832584329,3.101504875,1.206230802,0.637372667,0.618561835,0.757319926,1.120118648
6,21.336757,3.0165,0.190432646,0.832508057,3.097264967,1.206280039,0.637365044,0.61853607,0.757278573,1.119417031
6,21.332693,3.0165,0.190477604,0.832629768,3.091775939,1.206306409,0.637388502,0.6186263,0.757338788,1.119708732
6,21.329555,3.0165,0.19057841,0.832648988,3.092770643,1.206403898,0.637416507,0.618623385,0.757283015,1.119232123
6,21.325346,3.0165,0.190488119,0.832561872,3.087892206,1.206413507,0.637426673,0.618651004,0.757272481,1.118964423
6,21.322154,3.0165,0.190443486,0.832481082,3.089798786,1.206454634,0.63743261,0.618720357,0.75721198,1.119664561
6,21.319477,3.0165,0.190500857,0.832501997,3.083759923,1.206406017,0.637467945,0.618683498,0.757193614,1.120117598
6,21.315816,3.0165,0.190561232,0.832604984,3.080700971,1.206499054,0.637475816,0.618713981,0.757190761,1.119659501
6,21.312861,3.0165,0.190452061,0.832500922,3.097024256,1.206475384,0.637475024,0.618699779,0.757149048,1.120122687
6,21.310374,3.0165,0.190458228,0.832401445,3.101678755,1.206519653,0.637463723,0.618739972,0.757146279,1.119948
6,21.308946,3.0165,0.190404044,0.832365114,3.095777448,1.206500578,0.637500622,0.618746946,0.757040935,1.119868939
6,21.307075,3.0165,0.190461836,0.832351646,3.090023137,1.206554524,0.637507414,0.618753902,0.757114065,1.119482647
6,21.305639,3.0165,0.19041616,0.832479593,3.095798548,1.206578498,0.63751598,0.618785245,0.757118672,1.119517464
6,21.304174,3.0165,0.190445933,0.832360647,3.08710402,1.206606914,0.637529651,0.618788484,0.757104867,1.119878378
6,21.303024,3.0165,0.190449369,0.832315765,3.095535968,1.206624073,0.637532049,0.618763946,0.757242323,1.120029464
6,21.302527,3.0165,0.190525004,0.832437879,3.085729959,1.206640438,0.637545369,0.618802892,0.757316173,1.119262443
6,21.302482,3.0165,0.190354535,0.832325321,3.086384614,1.206660591,0.637553565,0.618809424,0.757043823,1.119591906
6,21.301762,3.0165,0.190352713,0.832114704,0,1.206624927,0.637548429,0.618759171,0.757046241,1.119560364
6,21.301462,3.0165,0.190447148,0.832277247,3.091081545,1.206679497,0.63753363,0.61878393,0.757073781,1.119901416
6,21.301209,3.0165,0.190407153,0.8322361,3.085248709,1.206601008,0.637601047,0.618809623,0.757164352,1.119455089
6,21.301797,3.0165,0.190501332,0.832337402,3.098896173,1.206724255,0.637554239,0.618826876,0.757182951,1.118662464
6,21.300302,3.0165,0.190536631,0.832325661,3.099611415,1.206665983,0.637594796,0.618783496,0.757274279,1.119765757
6,21.299827,3.0165,0.19051529,0.83232029,3.093103318,1.206640208,0.637567878,0.618845403,0.757188412,1.119726877
6,21.298671,3.0165,0.190502792,0.832371045,3.094988172,1.206681529,0.637586525,0.618821731,0.757173549,1.119332443
6,21.29859,3.0165,0.19052422,0.832415356,3.09510142,1.206737811,0.637576149,0.618859949,0.757216278,1.118777407
6,21.29685,3.0165,0.190468997,0.8322805,3.088525265,1.206744876,0.637573236,0.61880509,0.757172815,1.11935528
6,21.297795,3.0165,0.190356812,0.832244389,3.094807883,1.206721881,0.637609836,0.618864805,0.75707645,1.119393338
7,21.547085,3.017,0.190509574,0.834168528,3.094985938,1.205461805,0.637691939,0.619031122,0.758559661,1.123236058
7,21.537033,3.017,0.190481986,0.834097071,3.089313438,1.20551591,0.63777028,0.619066088,0.758592152,1.122152514
7,21.526226,3.017,0.190583798,0.834154772,3.09604957,1.205634265,0.637829873,0.619163838,0.758616684,1.124128119
7,21.515895,3.017,0.190603312,0.834169237,3.098276824,1.205708524,0.637887117,0.619255659,0.75866191,1.12380739
7,21.506503,3.017,0.190651421,0.834031245,3.112734755,1.205800745,0.637926712,0.619221802,0.758749455,1.123426111
7,21.49675,3.017,0.190642908,0.834084851,3.09596362,1.205897021,0.637978045,0.619309668,0.758708292,1.122989466
7,21.488747,3.017,0.190716609,0.834072326,3.097088444,1.20599112,0.638014372,0.619335582,0.758704865,1.123213359
7,21.480436,3.017,0.190697495,0.834046637,3.093223847,1.206020552,0.638050068,0.619390697,0.758834199,1.123580384
7,21.472317,3.017,0.190670597,0.834016317,3.102330591,1.206071882,0.638067103,0.619427152,0.758724326,1.124120631
7,21.466215,3.017,0.190722195,0.834019912,3.094768004,1.206105578,0.638097915,0.619450904,0.758796795,1.123553747
7,21.458576,3.017,0.190832482,0.833994783,3.106072046,1.2061795,0.638132585,0.61949482,0.758734151,1.122624323
7,21.451422,3.017,0.190786027,0.834059444,3.088943917,1.206247295,0.638149712,0.619516866,0.758804214,1.124960308
7,21.444834,3.017,0.190769132,0.833913476,3.092708503,1.20630703,0.63822543,0.619537379,0.758717489,1.121886085
7,21.439538,3.017,0.191180735,0.834277461,3.096585324,1.206728841,0.638648559,0.620003459,0.759201542,1.122846628
7,21.433661,3.017,0.190785646,0.833874124,3.090134121,1.206426279,0.638255017,0.619595248,0.758721987,1.123282733
7,21.430041,3.017,0.190805749,0.833960983,3.098041351,1.206426936,0.638279587,0.619605574,0.758768234,1.123523759
7,21.426187,3.017,0.190670234,0.833758564,3.093919379,1.206485422,0.638268186,0.619595955,0.758801772,1.123642143
7,21.42253,3.017,0.190795997,0.833799348,3.093834561,1.206500781,0.63830929,0.619679531,0.758788763,1.122388474
7,21.419461,3.017,0.190734894,0.833768316,3.090183968,1.206585122,0.638276437,0.619703729,0.758743828,1.122650525
7,21.416212,3.017,0.190726749,0.83373233,3.097912595,1.206599424,0.638318779,0.619661176,0.758641088,1.123252614
7,21.412895,3.017,0.190623243,0.83356962,3.098677852,1.20668655,0.63836488,0.619690058,0.758848164,1.122501327
7,21.409956,3.017,0.190759097,0.833664779,3.092988947,1.20668691,0.638357616,0.619697804,0.758769099,1.124961955
7,21.405923,3.017,0.190718761,0.833628748,3.090050357,1.206686074,0.638382807,0.619737855,0.758937979,1.12309854
7,21.402457,3.017,0.190716794,0.833522084,3.095274687,1.206746304,0.638392358,0.619739178,0.758823346,1.122082534
7,21.398183,3.017,0.190721057,0.833596916,3.09909633,1.206755325,0.638398324,0.619729551,0.758775512,1.121902988
7,21.395127,3.017,0.190758943,0.833588336,3.090498373,1.206819389,0.638401931,0.619835545,0.758901541,1.123315298
7,21.391789,3.017,0.1907639,0.833646345,3.092383673,1.206874508,0.638427525,0.619801065,0.758871381,1.123672716
7,21.389086,3.017,0.190680503,0.833486352,0,1.206900251,0.638437482,0.619796348,0.758831029,1.123155244
7,21.386868,3.017,0.190681441,0.833506675,3.093122107,1.206910191,0.638486088,0.619819781,0.758900043,1.123137071
7,21.383151,3.017,0.19067783,0.833358201,3.087288239,1.206923486,0.638477006,0.619793851,0.758865904,1.121817321
7,21.381199,3.017,0.190767338,0.833498433,3.088334386,1.206940686,0.638492386,0.61982306,0.758958237,1.123341447
7,21.377487,3.017,0.190711255,0.833293923,3.104871024,1.206983321,0.638510159,0.619834748,0.758891535,1.1216561
7,21.374475,3.017,0.190816223,0.833510815,3.094099938,1.206968783,0.638506993,0.61984346,0.759024522,1.121773956
7,21.371099,3.017,0.190875503,0.833518917,3.093799633,1.207019632,0.638495307,0.619873916,0.759034478,1.123218454
7,21.368357,3.017,0.190807878,0.833490195,3.09502024,1.207070889,0.638574771,0.619922232,0.759102991,1.123365279
8,21.582017,3.017,0.1903418,0.83399013,3.093754373,1.204716179,0.637350222,0.618706961,0.758193806,1.123684784
8,21.57344,3.017,0.19035891,0.833924369,3.094282981,1.204801516,0.637393595,0.618757006,0.758313561,1.123415075
8,21.563842,3.017,0.190327348,0.833919625,3.101985824,1.204808249,0.637447533,0.618821069,0.75835707,1.123141879
8,21.554898,3.017,0.190460568,0.834041981,3.095878688,1.204948113,0.637500284,0.618853884,0.758493149,1.123182919
8,21.546052,3.017,0.190449801,0.833958552,3.095985062,1.204993165,0.637534714,0.618916129,0.758449702,1.12324994
8,21.538753,3.017,0.19038878,0.833940221,3.095483527,1.20506286,0.63757799,0.618968107,0.758372212,1.123137599
8,21.531961,3.017,0.190371896,0.833897003,3.096567789,1.20513855,0.637597404,0.61896752,0.75843902,1.123161559
8,21.523761,3.017,0.190307557,0.833751689,3.106275885,1.205198286,0.637628211,0.618997892,0.758438581,1.122859415
8,21.517722,3.017,0.190320734,0.833702728,3.091155441,1.20528985,0.63769178,0.619076025,0.758435127,1.1228135
8,21.510534,3.017,0.190385119,0.833748517,3.100549551,1.205349677,0.637712296,0.619044171,0.758452856,1.123230784
8,21.505284,3.017,0.190419104,0.833670491,3.094797347,1.20537614,0.637728611,0.619118393,0.758376741,1.12289957
8,21.498271,3.017,0.190251719,0.833612902,3.09517936,1.205457494,0.637741472,0.619104682,0.758336288,1.123173696
8,21.493457,3.017,0.190311117,0.83361417,0,1.20552342,0.637780443,0.619122551,0.758397426,1.123086201
8,21.486913,3.017,0.19052659,0.833650356,3.091722105,1.20555666,0.637808253,0.619140301,0.7585852,1.123275058
8,21.481812,3.017,0.190408911,0.833535059,3.098579534,1.205599578,0.637820012,0.619213814,0.758489609,1.123068048
8,21.478074,3.017,0.190443996,0.83354208,3.093651544,1.205618086,0.637842892,0.619194262,0.758551583,1.122998555
8,21.472045,3.017,0.190569507,0.83366652,3.097972608,1.205640782,0.637857748,0.619254563,0.758466055,1.123010892
8,21.467948,3.017,0.190441718,0.833508737,3.109031498,1.205707216,0.637882997,0.619288606,0.758501494,1.122801723
8,21.463783,3.017,0.190481849,0.833505774,3.094994953,1.205752148,0.637892152,0.619264825,0.758545578,1.122834273
8,21.459866,3.017,0.190428148,0.833448998,3.091396305,1.205794064,0.637920412,0.619276326,0.758508103,1.122881521
8,21.457451,3.017,0.190413852,0.833412358,3.082930454,1.205813249,0.637921313,0.61930301,0.758506902,1.122763803
8,21.452291,3.017,0.190498418,0.833503791,3.100319997,1.20590603,0.637944762,0.619306037,0.758530205,1.122930812
8,21.448716,3.017,0.190409516,0.833343614,3.100372028,1.205879528,0.637958862,0.619299985,0.758569369,1.122894012
8,21.445695,3.017,0.190428244,0.833361346,3.087906319,1.205887728,0.637979628,0.619341152,0.758586308,1.122710893
8,21.441169,3.017,0.190488633,0.833480902,0,1.205921413,0.637965812,0.619396786,0.758517706,1.122885217
8,21.437139,3.017,0.190419259,0.833342053,3.097889201,1.205963838,0.637993342,0.619363782,0.758649235,1.122854162
8,21.434754,3.017,0.190439139,0.833357046,3.083458235,1.206043714,0.638029835,0.619396885,0.758583472,1.122824461
8,21.431773,3.017,0.190470715,0.833408186,3.094568845,1.206070409,0.638038884,0.61940193,0.758549258,1.122814096
8,21.429458,3.017,0.190472523,0.833351145,3.084813519,1.20606001,0.638043909,0.619435982,0.758563059,1.122817688
8,21.426629,3.017,0.190463157,0.833231169,3.095262614,1.206056624,0.638061318,0.619447345,0.758622063,1.122789906
8,21.4242,3.017,0.190499294,0.833252075,3.09100137,1.206095859,0.638053157,0.619450676,0.758577799,1.122709001
8,21.422729,3.017,0.190344712,0.833217517,3.093939018,1.206125263,0.638048292,0.619443032,0.758588719,1.122479306
8,21.420609,3.017,0.190384011,0.83310891,3.09236251,1.206130897,0.638095764,0.619435459,0.758587684,1.12253334
8,21.418669,3.017,0.190495658,0.833185719,3.104981861,1.206165124,0.638118716,0.619492231,0.758553869,1.122649303
8,21.417517,3.017,0.190441323,0.833219609,3.100297385,1.206185808,0.63810963,0.619461277,0.758509195,1.122793534
9,21.472842,3.017,0.190622001,0.834046301,3.100834233,1.206098555,0.638323021,0.619762339,0.759444927,1.125069
9,21.466581,3.017,0.190517825,0.834009735,3.094604691,1.20618784,0.638414765,0.619752019,0.759521251,1.124767477
9,21.459065,3.017,0.190574523,0.834146942,3.093205552,1.206178813,0.638429097,0.619862864,0.759615443,1.124517606
9,21.452538,3.017,0.190598015,0.834091081,3.087875312,1.206256145,0.638453345,0.619855384,0.759536484,1.124715961
9,21.446552,3.017,0.19055905,0.834104886,3.095748211,1.206316968,0.638490581,0.619848883,0.759518528,1.124698134
9,21.440423,3.017,0.190607155,0.834039722,3.103142402,1.206324729,0.63851689,0.619960582,0.75956108,1.124849075
9,21.434759,3.017,0.190567899,0.834071555,3.100305254,1.20643745,0.638528183,0.619962993,0.759629642,1.124758217
9,21.430115,3.017,0.190448737,0.834018338,3.099793931,1.206348938,0.638572728,0.619987747,0.759474407,1.124638034
9,21.426312,3.017,0.190410768,0.833869346,3.094088738,1.20646919,0.638577436,0.620011003,0.758936437,1.124630955
9,21.423096,3.017,0.19053157,0.833825482,3.086656324,1.206526336,0.638628671,0.62002828,0.759208492,1.124212863
9,21.420531,3.017,0.190444363,0.833768972,3.090682558,1.206504469,0.638608355,0.619985792,0.759418851,1.124398949
9,21.417596,3.017,0.190555645,0.833787916,3.097420087,1.206596449,0.638658007,0.620097073,0.759518993,1.124419426
9,21.415327,3.017,0.190671708,0.833883449,3.091557294,1.206620451,0.63867663,0.620090205,0.759681268,1.124475548
9,21.411421,3.017,0.190779568,0.833959299,3.090809784,1.206632716,0.638707462,0.620139457,0.760047853,1.124732195
9,21.407875,3.017,0.190692628,0.833927062,3.09462315,1.206720312,0.638682762,0.620122105,0.759986004,1.124637797
9,21.404489,3.017,0.19067232,0.833888968,3.095477307,1.206717272,0.638731797,0.620159081,0.760037815,1.124785986
9,21.400528,3.017,0.19072878,0.833907435,3.097227165,1.206800989,0.638740199,0.620161755,0.760091093,1.124618834
9,21.397973,3.017,0.190592502,0.833831991,3.092259288,1.206765444,0.638707011,0.620207342,0.759852537,1.124731505
9,21.395074,3.017,0.190666816,0.833840585,3.096003066,1.206825485,0.638763816,0.62017259,0.759974518,1.124527217
9,21.391792,3.017,0.190654838,0.833878458,3.102069343,1.206817608,0.638753092,0.620237414,0.759915578,1.124374869
9,21.388711,3.017,0.190623435,0.833797707,3.086967414,1.206828429,0.638780766,0.62022784,0.759828679,1.124584674
9,21.386949,3.017,0.190575106,0.833787262,3.088693949,1.206901272,0.63878312,0.620233654,0.759806956,1.124622425
9,21.385613,3.017,0.190636143,0.833769244,3.094840598,1.206910721,0.638803955,0.620254126,0.759849777,1.124232956
9,21.383547,3.017,0.190568451,0.833609501,3.08297776,1.207003377,0.63880687,0.620251471,0.759862839,1.12467684
9,21.381707,3.017,0.190584288,0.833670965,3.096035895,1.206984169,0.638821221,0.620215813,0.759806273,1.12459423
9,21.38039,3.017,0.190620935,0.833720696,3.1019893,1.20696442,0.6388115,0.62028872,0.759762802,1.124595855
9,21.379058,3.017,0.190586094,0.833691052,3.100622655,1.206956725,0.638842626,0.620249223,0.759715527,1.124482882
9,21.377399,3.017,0.190549491,0.833579268,3.082376863,1.207050896,0.638822223,0.62028125,0.75983146,1.124296111
9,21.377625,3.017,0.190493963,0.833575223,3.088935821,1.206991803,0.638841636,0.620280258,0.759662203,1.124452332
9,21.376996,3.017,0.190541532,0.833490949,3.091933288,1.207006192,0.638847162,0.62027032,0.759752358,1.124452847
9,21.377006,3.017,0.190401919,0.833430262,3.100245026,1.207004862,0.638831496,0.620282031,0.759497649,1.124470402
9,21.377588,3.017,0.190376331,0.833314412,3.089668805,1.20705034,0.638844708,0.620267426,0.75919616,1.124346374
9,21.37894,3.017,0.190384574,0.83339447,3.100852286,1.206974801,0.638833392,0.620275775,0.759548981,1.124390402
9,21.378848,3.017,0.190492007,0.833415595,3.09556032,1.207046442,0.638854748,0.620276604,0.759535972,1.12433103
9,21.37917,3.017,0.190664879,0.833588968,3.095674415,1.207093285,0.638874672,0.620312822,0.759746163,1.124218437
10,21.493638,3.017,0.190520877,0.833919341,3.094153868,1.204913903,0.637502424,0.618850629,0.758378586,1.123071095
10,21.483579,3.017,0.190526795,0.833995989,3.094429796,1.204997414,0.637521204,0.618876157,0.758265783,1.123277633
10,21.472922,3.017,0.190483585,0.833813145,3.103791774,1.204910456,0.637497721,0.618829037,0.758367619,1.122927933
10,21.463485,3.017,0.190451787,0.833839331,3.094836221,1.204967171,0.63751621,0.618902837,0.758236375,1.122835924
10,21.454151,3.017,0.190536923,0.833861009,3.091821891,1.205062971,0.637603709,0.61892815,0.758299374,1.122607885
10,21.445387,3.017,0.190424454,0.833790933,3.09234487,1.205154995,0.637581554,0.618983496,0.758289522,1.122535557
10,21.43679,3.017,0.190671724,0.833834736,3.093708944,1.205417206,0.637776932,0.61913007,0.758464207,1.122838101
10,21.428394,3.017,0.190564919,0.833732834,3.097344431,1.205456225,0.637824318,0.619164388,0.758404889,1.122641473
10,21.414282,3.017,0.190510673,0.833531952,3.087047885,1.205491645,0.637772128,0.619080418,0.758332432,1.122343933
10,21.420986,3.017,0.190613571,0.833726661,3.092825621,1.205413891,0.637749207,0.619128464,0.758328062,1.1230012
10,21.406895,3.017,0.190522089,0.833545955,3.089268959,1.205558275,0.637783485,0.619116148,0.75829753,1.122728343
10,21.400862,3.017,0.190576871,0.833508725,3.093014274,1.205556505,0.637832909,0.619150694,0.758513442,1.122753971
10,21.394866,3.017,0.19045274,0.833390294,3.083316524,1.205668874,0.637866575,0.61918226,0.758232235,1.12314625
10,21.391251,3.017,0.1903826,0.833328409,0,1.205733334,0.637843031,0.619211316,0.757900676,1.122152418
10,21.387709,3.017,0.190447991,0.833270065,3.09341311,1.205790123,0.637878874,0.61926652,0.757641421,1.1222025
10,21.384971,3.017,0.190446519,0.833311558,3.091603766,1.205837093,0.63792287,0.619307888,0.757713366,1.122183551
10,21.38368,3.017,0.190470702,0.833178301,3.109734045,1.205892266,0.637954863,0.619281142,0.758147381,1.12213942
10,21.381812,3.017,0.190609268,0.833240635,3.086993132,1.205939617,0.637987888,0.619334015,0.758450317,1.122246075
10,21.379942,3.017,0.190602843,0.833233396,3.097798657,1.205968137,0.6379925,0.619315755,0.758541813,1.122554703
10,21.377387,3.017,0.190726735,0.833246223,3.100235331,1.20601131,0.638034815,0.619345142,0.758846265,1.122207983
10,21.375329,3.017,0.190669741,0.833318167,3.089361585,1.206018233,0.638027364,0.61935841,0.758977218,1.12272318
10,21.374175,3.017,0.190574332,0.833122562,3.095223739,1.206074578,0.638041367,0.61936286,0.75858844,1.122221451
10,21.370924,3.017,0.19079781,0.833350014,3.092583757,1.206114272,0.638054428,0.619436847,0.758882583,1.122625344
10,21.367042,3.017,0.190665203,0.833271366,3.10376477,1.206183277,0.638113235,0.61946404,0.758798023,1.122397266
10,21.36406,3.017,0.190439099,0.833050211,3.098221474,1.206177716,0.638109177,0.619497109,0.758780554,1.122357315
10,21.361429,3.017,0.190692377,0.833242216,3.097163709,1.206221692,0.638136242,0.619519651,0.758867987,1.122486654
10,21.357776,3.017,0.19068413,0.833207878,3.100691789,1.206310614,0.638200656,0.619595599,0.758694701,1.121913977
10,21.352353,3.017,0.190821797,0.833194678,3.090567972,1.206339,0.638223256,0.6195571,0.7587412,1.121625601
10,21.350311,3.017,0.190628741,0.833163551,3.091474017,1.206415751,0.638213463,0.61962184,0.758720143,1.122262722
10,21.347707,3.017,0.190621971,0.833076978,3.097373218,1.206446766,0.638272176,0.619644228,0.758817136,1.122190662
10,21.344894,3.017,0.190753882,0.833187853,3.0935409,1.206419667,0.638245622,0.619672041,0.758603369,1.122260301
10,21.343159,3.017,0.190627763,0.833038671,3.0906751,1.206399058,0.638194689,0.619585988,0.758622858,1.121998796
10,21.339923,3.017,0.190790743,0.833203194,3.09564708,1.206347606,0.638204345,0.619604359,0.75865546,1.122490878
10,21.338485,3.017,0.190553947,0.832943268,3.09225768,1.206371336,0.638163984,0.619573057,0.758623213,1.121963206
10,21.336537,3.017,0.19051368,0.832872266,3.102990119,1.206397889,0.638179222,0.619540545,0.758609489,1.122003669
11,21.620868,3.017,0.190175936,0.833807773,3.09342307,1.204528067,0.637019328,0.618436268,0.757785874,1.122932414
11,21.611429,3.017,0.190150051,0.833737226,3.091474028,1.204583833,0.637091377,0.618412489,0.757768514,1.122459045
11,21.600507,3.017,0.190132632,0.833740099,0,1.204659459,0.637140513,0.618457832,0.757776076,1.122601946
11,21.591384,3.017,0.190224445,0.833812224,3.102323073,1.204767908,0.637192872,0.618538766,0.757826178,1.122394812
11,21.582082,3.017,0.190209431,0.833787381,3.106774118,1.204801547,0.637205363,0.618576147,0.757882014,1.122455228
11,21.572764,3.017,0.190212771,0.833753266,3.086495609,1.2049075,0.637240228,0.618591606,0.757894506,1.122616385
11,21.563589,3.017,0.190219243,0.833753367,3.094332748,1.204967574,0.637272233,0.618629947,0.75794467,1.122267079
11,21.555734,3.017,0.190240905,0.833737869,3.095428623,1.205037038,0.637311625,0.618664739,0.757912904,1.122356791
11,21.548797,3.017,0.190154437,0.833645978,3.098231637,1.205060347,0.637337077,0.618705768,0.757931074,1.122350163
11,21.542086,3.017,0.190277892,0.833757559,0,1.20510148,0.637400983,0.618786983,0.757952764,1.122575244
11,21.534093,3.017,0.190534724,0.8338015,3.09632165,1.205229661,0.637415968,0.618833779,0.757952492,1.12254942
11,21.527489,3.017,0.190227561,0.833616953,3.094527413,1.20519242,0.637447717,0.618790836,0.758040489,1.122308567
11,21.520858,3.017,0.190202786,0.833564603,3.089020679,1.205272491,0.637434759,0.618798966,0.758068845,1.122226398
11,21.514199,3.017,0.190297832,0.83354259,3.09956855,1.205325488,0.637499515,0.618843707,0.758066019,1.12255138
11,21.508983,3.017,0.190180659,0.833481968,3.0853587,1.205384806,0.637491754,0.618862773,0.757897798,1.122236631
11,21.502968,3.017,0.189352716,0.83156099,3.090657879,1.205321641,0.637176446,0.61793432,0.75737368,1.12169121
11,21.49857,3.017,0.190190016,0.833401342,3.09300207,1.20549954,0.637538096,0.618879403,0.75798342,1.122013984
11,21.492767,3.017,0.1902003,0.833331388,3.095763127,1.205507757,0.63756798,0.618904061,0.757960247,1.122191322
11,21.488585,3.017,0.190123905,0.83322851,3.098349673,1.205542918,0.637576854,0.618951981,0.757934744,1.121882247
11,21.48368,3.017,0.190316569,0.833415689,3.092939134,1.205609495,0.637588454,0.618939554,0.758001113,1.122470412
11,21.47893,3.017,0.190223003,0.833302698,3.093011659,1.20562824,0.637586258,0.618986578,0.758029517,1.12192973
11,21.475386,3.017,0.190187585,0.833204901,3.094139776,1.205697032,0.637599397,0.618976644,0.758005969,1.1220814
11,21.472688,3.017,0.190156506,0.833179104,3.096011254,1.205695057,0.637654117,0.619031054,0.757948122,1.122130083
11,21.468767,3.017,0.190179401,0.833175874,3.082382971,1.205739154,0.637649249,0.619015927,0.757998619,1.122127448
11,21.466028,3.017,0.190209446,0.833249357,3.092831125,1.205770561,0.637679578,0.61903165,0.757677451,1.122001471
11,21.463434,3.017,0.190077765,0.832998114,3.085380612,1.205827872,0.637671189,0.618995018,0.757452702,1.12156383
11,21.461598,3.017,0.190130602,0.833139956,3.080137626,1.205810652,0.637669213,0.619079597,0.75736892,1.122060528
11,21.459304,3.017,0.190178605,0.832945369,3.084973182,1.205888134,0.637679126,0.61900559,0.757787327,1.122167193
11,21.458088,3.017,0.190225441,0.83309811,3.090239029,1.205909063,0.637715194,0.619083023,0.758016116,1.122017474
11,21.456448,3.017,0.19042839,0.833127424,3.088565633,1.205927626,0.63770657,0.619104205,0.758199172,1.122049932
11,21.452397,3.017,0.190488476,0.833258641,3.091356932,1.205910959,0.637749563,0.619103314,0.758492994,1.121913004
11,21.450872,3.017,0.190223647,0.833005552,3.084825237,1.205944813,0.637741433,0.619105005,0.758263359,1.122052685
11,21.448153,3.017,0.190232734,0.833008519,3.084876142,1.205962148,0.637741182,0.619126645,0.758336653,1.122086565
11,21.445992,3.017,0.190096484,0.832815657,3.101145823,1.205989463,0.637736084,0.619075578,0.758165052,1.121846588
11,21.442866,3.017,0.190446371,0.833093494,3.099764632,1.205994501,0.637786449,0.619140085,0.758269675,1.122106428
12,21.554538,3.018,0.190729272,0.834674764,3.095749452,1.206035631,0.638578218,0.620015258,0.759908612,1.125659516
12,21.547204,3.018,0.190915443,0.834792624,3.096779489,1.206124729,0.638629926,0.620075869,0.759986395,1.125250915
12,21.539471,3.018,0.19073144,0.834652544,3.099723759,1.20614763,0.638689831,0.620101698,0.759918177,1.12518228
12,21.531814,3.018,0.190724257,0.834636977,3.094293318,1.206187372,0.638739858,0.620144433,0.75997748,1.125443928
12,21.525212,3.018,0.190761316,0.834634682,3.093737442,1.206284975,0.638764284,0.620186196,0.759901442,1.125268941
12,21.518655,3.018,0.190758843,0.834621377,3.100923769,1.206378413,0.638816914,0.620215502,0.759985109,1.125376303
12,21.512486,3.018,0.190787156,0.834611434,3.090585546,1.206389616,0.638827643,0.620277586,0.759781161,1.12527317
12,21.506628,3.018,0.190742184,0.834605175,3.09042512,1.206452175,0.638848314,0.62031692,0.75958259,1.125259611
12,21.501662,3.018,0.190759735,0.834532763,3.094013225,1.206546978,0.638866667,0.620300314,0.759566399,1.125101508
12,21.497877,3.018,0.190817622,0.834612113,3.100980084,1.206600394,0.638898658,0.620349003,0.759644304,1.124970547
12,21.492105,3.018,0.190770758,0.834446196,3.095088619,1.206574531,0.638930485,0.620327628,0.760108882,1.125142102
12,21.487698,3.018,0.190860131,0.834521511,3.093059282,1.206636576,0.639003616,0.620395754,0.760208646,1.125455181
12,21.48323,3.018,0.190959767,0.834576698,3.098460873,1.206665064,0.6389459,0.620396767,0.760296586,1.125450988
12,21.478528,3.018,0.190846759,0.834475558,0,1.20677383,0.639020216,0.620416725,0.760223622,1.124903303
12,21.474147,3.018,0.1908391,0.834388628,3.096448715,1.206710857,0.639019383,0.620435578,0.76019671,1.12524614
12,21.469205,3.018,0.190913917,0.83445319,3.087481707,1.206823722,0.639029133,0.620460075,0.760155329,1.125139962
12,21.465397,3.018,0.19086031,0.834336956,3.098956952,1.206762868,0.639028728,0.620468389,0.760167805,1.125170648
12,21.461489,3.018,0.190748185,0.834344963,3.089583025,1.206848877,0.639062828,0.620489405,0.760006539,1.124940437
12,21.457797,3.018,0.190923928,0.834441992,3.102115797,1.206920929,0.639094456,0.620557579,0.760134937,1.125315761
12,21.454361,3.018,0.190744332,0.834200078,3.106024205,1.206880169,0.639014023,0.620465163,0.760046506,1.124955885
12,21.45144,3.018,0.190846273,0.834203467,3.090870488,1.206947307,0.639103593,0.62052047,0.760108846,1.125127359
12,21.449337,3.018,0.190795758,0.834249947,3.094320961,1.207004138,0.63912695,0.620570558,0.760064648,1.12487466
12,21.446094,3.018,0.190844358,0.834189613,3.092943703,1.207032761,0.639130698,0.620547743,0.760008263,1.1247878
12,21.444273,3.018,0.190840621,0.834235857,3.092651166,1.207036448,0.63914633,0.620619927,0.760098331,1.124939944
12,21.441809,3.018,0.190809812,0.834061732,3.101095115,1.207060687,0.639122096,0.620585521,0.760121008,1.125411553
12,21.439271,3.018,0.190852093,0.834142894,3.08458906,1.207088079,0.639127276,0.620592791,0.760125363,1.124655372
12,21.436348,3.018,0.190785437,0.834224397,3.096519082,1.207089849,0.639141946,0.620595683,0.76018543,1.125177258
12,21.43437,3.018,0.190898582,0.834159249,3.095652858,1.207146987,0.639165532,0.620663481,0.760217933,1.124909499
12,21.43219,3.018,0.190874922,0.834232255,3.097917291,1.207195732,0.639168539,0.620621638,0.760182484,1.12493589
12,21.429335,3.018,0.190934876,0.834184029,3.096184334,1.207177629,0.63923148,0.620648361,0.760218621,1.124798593
12,21.426361,3.018,0.190889878,0.834179474,0,1.20725979,0.63924082,0.620674341,0.76025349,1.124929818
12,21.425024,3.018,0.190831752,0.83412071,3.102085931,1.207168552,0.63920092,0.620642665,0.760179677,1.124867167
12,21.422882,3.018,0.190872168,0.834110297,3.088275218,1.207242231,0.639227568,0.620719576,0.760171067,1.125039242
12,21.420558,3.018,0.190864308,0.834064685,3.094189603,1.207282925,0.639271047,0.62071084,0.760265905,1.12500463
12,21.418912,3.018,0.190879495,0.834120589,3.088587864,1.207267829,0.639278052,0.620727796,0.760279063,1.125174129
13,21.564992,3.018,0.190295939,0.833669854,3.096875268,1.205342502,0.637480328,0.618796087,0.758036071,1.122691746
13,21.552267,3.018,0.190312649,0.833773488,3.101994646,1.205423878,0.63754409,0.618873088,0.758142161,1.122531434
13,21.540217,3.018,0.190325754,0.833819739,3.100586697,1.205480255,0.637575631,0.618914935,0.757955146,1.122503817
13,21.529205,3.018,0.190495066,0.833871896,3.085667414,1.205631595,0.637737163,0.619015188,0.758226098,1.12268138
13,21.519858,3.018,0.190310104,0.833753124,3.100792154,1.205593619,0.637641629,0.618998281,0.758177937,1.12227944
13,21.511957,3.018,0.19035804,0.833783937,3.102923824,1.205699291,0.637720799,0.619026995,0.7581047,1.122385578
13,21.503978,3.018,0.190422804,0.833768543,3.091256521,1.205764491,0.637727394,0.619082972,0.757953712,1.122511738
13,21.496137,3.018,0.190364389,0.833664655,3.095893628,1.205772487,0.637712937,0.61905883,0.758313486,1.122518799
13,21.489272,3.018,0.190503933,0.833841436,3.093395956,1.205841305,0.637800607,0.619140937,0.758339424,1.122356977
13,21.482576,3.018,0.190342988,0.833623878,3.097249248,1.205872897,0.637803576,0.619126003,0.758164411,1.122270234
13,21.476647,3.018,0.190382998,0.833629752,3.092019913,1.205922507,0.637827934,0.619163177,0.758239025,1.12245279
13,21.471131,3.018,0.190377899,0.833565683,3.105662938,1.205978959,0.637822643,0.619177766,0.7582064,1.12241065
13,21.465196,3.018,-2.88E-05,-0.000176378,-0.006877711,-5.97E-05,-0.000111819,-0.000176705,-0.000110339,-2.01E-05
13,21.459013,3.018,0.190392551,0.833618788,3.086189057,1.206065587,0.637857385,0.619222413,0.758336001,1.122422313
13,21.455792,3.018,0.190394024,0.833550518,3.095040825,1.206094188,0.637871208,0.619276555,0.758321675,1.122474034
13,21.450624,3.018,0.190332521,0.833470437,3.09952233,1.206095491,0.637904021,0.619254643,0.758265638,1.122060563
13,21.445437,3.018,0.190582223,0.83365284,3.091388474,1.206164473,0.637955538,0.619240191,0.758289781,1.122324541
13,21.441073,3.018,0.190372526,0.833539089,3.103563513,1.206182083,0.637937654,0.61929235,0.758246918,1.12245369
13,21.437746,3.018,0.190320525,0.8334487,3.089505522,1.206266233,0.637963439,0.619339416,0.758193232,1.122161406
13,21.434192,3.018,0.190349458,0.833429382,3.087632854,1.206267603,0.637965935,0.61937839,0.758233873,1.12267269
13,21.431468,3.018,0.190461671,0.83350337,3.100812558,1.206305767,0.637976915,0.61934595,0.758236706,1.121867879
13,21.428084,3.018,0.190355715,0.833375345,3.085426893,1.206335314,0.638015055,0.61936048,0.758210039,1.122153835
13,21.425972,3.018,0.190377261,0.833273737,3.101276945,1.206337221,0.638008876,0.619370288,0.757935772,1.122013931
13,21.424582,3.018,0.19022355,0.833170973,3.08954678,1.206394409,0.6380137,0.619353793,0.757803542,1.122013527
13,21.423135,3.018,0.190290182,0.833246145,3.110364657,1.206376132,0.638008711,0.619346994,0.75773283,1.121820223
13,21.421878,3.018,0.190195026,0.83318346,3.100209756,1.206442915,0.638019111,0.619335853,0.757965884,1.122101312
13,21.420883,3.018,0.190340088,0.833196914,3.103118844,1.206425861,0.638062223,0.619384738,0.758291754,1.121741764
13,21.419846,3.018,0.190417046,0.833280973,3.097210073,1.206479774,0.638026997,0.619432108,0.758322858,1.121967787
13,21.418546,3.018,0.190449407,0.833280654,3.085876659,1.206443285,0.638071734,0.619384027,0.758449522,1.122222048
13,21.416237,3.018,0.190481919,0.833330814,3.098796147,1.206481088,0.638066484,0.619433122,0.75845334,1.122655209
13,21.414507,3.018,0.190318879,0.83324015,3.09773562,1.206502099,0.638058308,0.619439095,0.758379829,1.121780708
13,21.412341,3.018,0.190389061,0.833253768,3.08846271,1.206524059,0.638101192,0.619473787,0.75837366,1.122080191
13,21.410911,3.018,0.19044838,0.833337401,3.096645649,1.206638687,0.638184916,0.619560867,0.758504398,1.122272598
13,21.408583,3.018,0.190524511,0.833327561,3.091089214,1.206650627,0.638211813,0.619530059,0.758386746,1.122024226
13,21.407037,3.018,0.190364409,0.83312872,3.093047101,1.206595765,0.638134745,0.619489212,0.758333065,1.121961926
14,21.531024,3.0185,0.190187576,0.833482602,3.099172991,1.205974137,0.637868824,0.619169658,0.758503234,1.12286544
14,21.51913,3.0185,0.190287434,0.833570968,3.089258248,1.206017362,0.637898958,0.619216302,0.758631864,1.122844655
14,21.507115,3.0185,0.190285229,0.833659015,0,1.206019112,0.637959552,0.619283422,0.75872397,1.123041227
14,21.497347,3.0185,0.190340961,0.833602527,3.090395792,1.206056528,0.637961571,0.619306714,0.758676712,1.123263936
14,21.489403,3.0185,0.190290496,0.833743269,3.098956548,1.206109538,0.638003245,0.619387627,0.758623746,1.122972366
14,21.480582,3.0185,0.190329382,0.833645861,3.087965097,1.206174607,0.63803695,0.619386485,0.758636915,1.122918183
14,21.474064,3.0185,0.190341452,0.833625405,3.08719505,1.206168149,0.638057788,0.619356614,0.758633251,1.122995394
14,21.467339,3.0185,0.190414339,0.833645042,3.099189046,1.206177998,0.638092808,0.619422078,0.758723617,1.123254602
14,21.462328,3.0185,0.190247368,0.833511768,3.088642119,1.20628346,0.63806752,0.619437571,0.758652526,1.122802011
14,21.457465,3.0185,0.190303002,0.833623356,3.090978561,1.206323758,0.638114203,0.619432143,0.758656971,1.123216775
14,21.45306,3.0185,0.190432706,0.833763661,3.094797747,1.206333548,0.638120565,0.619486017,0.758695694,1.123313254
14,21.447352,3.0185,0.190418686,0.833619857,3.086439588,1.206396283,0.638147508,0.619508704,0.758686516,1.123137499
14,21.443496,3.0185,0.19037099,0.833658582,3.084842924,1.20640232,0.638157898,0.619564771,0.758675359,1.123039878
14,21.439691,3.0185,0.190278914,0.833531374,3.094647669,1.206440107,0.638174347,0.619519909,0.758666865,1.122471593
14,21.436476,3.0185,0.190291681,0.833629918,3.097031099,1.206541793,0.638192876,0.619567259,0.758621559,1.122948366
14,21.432145,3.0185,0.19057621,0.833631462,3.093902747,1.206487264,0.638183555,0.619578497,0.758741526,1.123155897
14,21.427738,3.0185,0.190317433,0.833530752,3.090959323,1.206472976,0.638209848,0.619636625,0.758667094,1.122983812
14,21.424263,3.0185,0.190320976,0.833447783,3.109204974,1.206567691,0.638199648,0.619568091,0.758685234,1.123089103
14,21.421994,3.0185,0.190368744,0.833465556,0,1.206597606,0.638233394,0.619583927,0.758782193,1.123123078
14,21.419156,3.0185,0.190409529,0.83348475,3.092542143,1.206628481,0.638264733,0.619659775,0.758761178,1.122894762
14,21.416056,3.0185,0.190464904,0.833574051,3.091566068,1.206835586,0.638436688,0.61977714,0.758863053,1.123040967
14,21.41271,3.0185,0.190593069,0.83362592,3.106321576,1.206772242,0.638374527,0.619746828,0.758830719,1.123018241
14,21.410996,3.0185,0.190339764,0.833517572,3.097419249,1.206676002,0.63828499,0.619727303,0.758697897,1.122786893
14,21.407741,3.0185,0.190334325,0.833364181,3.101170088,1.206692338,0.638290791,0.619660337,0.758726278,1.123151319
14,21.405287,3.0185,0.190522646,0.833641841,3.09673788,1.206716167,0.638318415,0.619707414,0.758711212,1.122781595
14,21.403297,3.0185,0.190250213,0.833334222,3.093246951,1.206738231,0.638296373,0.619644126,0.758680223,1.1230799
14,21.400983,3.0185,0.190361968,0.833361359,3.087981925,1.20677906,0.638315492,0.619699448,0.758703745,1.12323495
14,21.399543,3.0185,0.190393101,0.833433595,3.096448846,1.206714161,0.638317767,0.619704602,0.758740548,1.12295639
14,21.39738,3.0185,0.190269041,0.833372679,3.089100034,1.20677056,0.638300517,0.619694926,0.758700718,1.122830866
14,21.394995,3.0185,0.190446382,0.833424335,3.092352674,1.206798877,0.638337463,0.619713542,0.758834419,1.123173423
14,21.393539,3.0185,0.190405751,0.833484568,3.097728494,1.206811888,0.638357165,0.61972886,0.758647106,1.123154875
14,21.392231,3.0185,0.190325755,0.833364204,3.106524119,1.206798229,0.638324185,0.619714382,0.758597053,1.122818961
14,21.391291,3.0185,0.190329722,0.833304055,3.093026435,1.206825363,0.638333161,0.619718848,0.758732452,1.12287946
14,21.388972,3.0185,0.190370717,0.833305986,3.092787656,1.206882832,0.63837143,0.619735595,0.758693273,1.122771817
14,21.388086,3.0185,0.190298049,0.83325824,3.10052352,1.206838875,0.638344929,0.619753886,0.758650025,1.122520577
15,21.427419,3.018,0.190364763,0.832426423,3.088826299,1.205952584,0.637216505,0.618467477,0.757061253,1.120690325
15,21.42421,3.018,0.190193993,0.832454854,3.100139782,1.205950813,0.637242555,0.618429735,0.756997472,1.119681591
15,21.419587,3.018,0.190391797,0.832771425,3.085192519,1.205966858,0.637318696,0.618547766,0.756951075,1.12044984
15,21.413803,3.018,0.190303252,0.83249989,3.094530772,1.206057365,0.637342847,0.618545102,0.756990122,1.120134687
15,21.410818,3.018,0.190326642,0.832439963,3.098058873,1.206067928,0.637379096,0.618591582,0.756987888,1.120158948
15,21.406851,3.018,0.190340626,0.832485895,3.107250304,1.206073314,0.637364662,0.618593726,0.757034105,1.120060456
15,21.402499,3.018,0.190331914,0.832738191,3.100882969,1.206085113,0.637401522,0.618586861,0.757145275,1.120216918
15,21.398868,3.018,0.19035616,0.83239047,3.0918947,1.20615518,0.637430871,0.618666614,0.757182079,1.120357161
15,21.394605,3.018,0.190431886,0.832464991,3.092539487,1.206224491,0.637450833,0.618667431,0.757016517,1.120266508
15,21.392873,3.018,0.190258624,0.832630183,3.086393664,1.206233147,0.637454509,0.618635171,0.756771965,1.119987175
15,21.391085,3.018,0.190227689,0.83246415,3.107719683,1.206275897,0.637441373,0.618714606,0.756656575,1.120074395
15,21.39011,3.018,0.190163255,0.831900867,3.097151831,1.206277166,0.637447698,0.618657461,0.756706708,1.11997555
15,21.388417,3.018,0.190291071,0.832164801,3.08692882,1.206329278,0.637475283,0.618735652,0.757066932,1.120193256
15,21.387086,3.018,0.190346843,0.832509313,3.094902166,1.206288622,0.637499351,0.618696999,0.757241381,1.12009643
15,21.385477,3.018,0.19053119,0.832280795,3.103858789,1.206365655,0.637544741,0.6187631,0.757612793,1.120266812
15,21.382712,3.018,0.190456988,0.83265516,3.091981248,1.206395329,0.63753451,0.618782595,0.757502978,1.120327648
15,21.381293,3.018,0.190455153,0.832322291,3.090599854,1.206390841,0.637542511,0.61884624,0.757435498,1.120256444
15,21.378771,3.018,0.190479063,0.832441387,3.084442096,1.20640338,0.63754802,0.618808768,0.75758314,1.12046481
15,21.375318,3.018,0.190501083,0.832696708,3.087410323,1.206399027,0.637583758,0.618812307,0.757507059,1.120116728
15,21.373672,3.018,0.190433821,0.832513222,3.090244014,1.206396963,0.637557265,0.618821438,0.757395484,1.120516195
15,21.370715,3.018,0.190540741,0.832680115,3.092768455,1.206472732,0.637608877,0.618889843,0.757393776,1.120204228
15,21.367945,3.018,0.190426589,0.832637925,3.096234453,1.20642689,0.637570177,0.618854601,0.757317633,1.120159831
15,21.365615,3.018,0.19037048,0.832372879,3.082253855,1.206482874,0.637561729,0.618866569,0.75719937,1.119952194
15,21.364394,3.018,0.190305976,0.832814274,3.096376888,1.206509323,0.637604318,0.61885077,0.757174973,1.12010727
15,21.36304,3.018,0.190440612,0.831998051,3.088801316,1.206517825,0.637610455,0.618873187,0.757214132,1.120215543
15,21.360402,3.018,0.190285935,0.832605628,0,1.206540966,0.637615536,0.618868732,0.757177259,1.119922074
15,21.360125,3.018,0.190427304,0.832450492,3.099102979,1.206518701,0.637592344,0.618836284,0.757256821,1.120282882
15,21.358489,3.018,0.190297166,0.832415706,3.084935824,1.206565542,0.637632695,0.61890917,0.757292317,1.1199975
15,21.358173,3.018,0.190286792,0.831910516,3.112241719,1.206553849,0.637626213,0.618881802,0.757191557,1.119926299
15,21.357321,3.018,0.190235995,0.832217738,3.090146307,1.206588824,0.637615868,0.618910406,0.757167783,1.119623534
15,21.356869,3.018,0.190384079,0.832306543,3.097382074,1.206590222,0.637607497,0.618894864,0.757117222,1.120258654
15,21.356913,3.018,0.190222845,0.831723986,3.094339394,1.206629002,0.637604677,0.618851177,0.757131973,1.12023362
15,21.357741,3.018,0.190327741,0.832195959,3.090228044,1.206610209,0.63764232,0.618903039,0.757271677,1.12007228
15,21.3573,3.018,0.19029202,0.831984693,3.092692777,1.20659641,0.637621059,0.618895563,0.757162456,1.120515909
15,21.358638,3.018,0.190268468,0.832317021,3.086784649,1.206618635,0.637666371,0.618874019,0.756811849,1.119869485
16,21.502937,2.998,0.192838048,0.847877882,3.148149316,1.226883663,0.647311324,0.628136456,0.768868455,1.137876131
16,21.495579,2.998,0.192794703,0.847915803,3.137508956,1.226918461,0.647367271,0.628160231,0.768835145,1.137475524
16,21.488175,2.998,0.192881254,0.847968389,3.145769268,1.226965039,0.647390339,0.628203993,0.76890595,1.137547034
16,21.481557,2.998,0.19304208,0.848169121,3.143380251,1.226981348,0.647431678,0.62827191,0.768893968,1.13790634
16,21.475043,2.998,0.19293569,0.847933844,3.153248037,1.227005361,0.647475281,0.628253428,0.768884436,1.137613047
16,21.468412,2.998,0.19297141,0.847972062,3.141737843,1.227081405,0.64748209,0.628308796,0.768896962,1.137885161
16,21.462687,2.998,0.192975815,0.848043308,3.146712926,1.227126303,0.647518241,0.628360932,0.768973418,1.13783024
16,21.456722,2.998,0.192972568,0.848040433,3.143901158,1.227125587,0.647555093,0.628392212,0.768856731,1.137695269
16,21.447631,2.998,0.192973866,0.847973902,3.135110366,1.227233484,0.647591843,0.628393895,0.768906703,1.137497162
16,21.452836,2.998,0.192903665,0.848041368,3.142042604,1.22721265,0.647552522,0.628409017,0.768843234,1.137508272
16,21.444543,2.998,0.192788214,0.847826509,3.162834214,1.227324723,0.64756521,0.628424387,0.768809331,1.137241079
16,21.440348,2.998,0.192883248,0.847805557,3.142485599,1.227278761,0.647601057,0.628408215,0.768682206,1.137984012
16,21.437481,2.998,0.193092346,0.847938243,0,1.227388938,0.64761786,0.62846582,0.768718435,1.137753057
16,21.434865,2.998,0.192968513,0.847879405,3.138955774,1.227397919,0.647648761,0.628483226,0.769003278,1.137431399
16,21.431137,2.998,0.193179099,0.847980427,3.148737156,1.227415127,0.647652666,0.628487668,0.769042467,1.137293439
16,21.42806,2.998,0.192974686,0.847844491,3.143230259,1.2273908,0.64766263,0.628543815,0.769086612,1.137410305
16,21.424218,2.998,0.19301649,0.847860883,3.152302733,1.227450585,0.647675316,0.628504862,0.769108272,1.137292692
16,21.420165,2.998,0.19311704,0.84793615,3.14255331,1.227472594,0.647711536,0.628566485,0.769219664,1.137610405
16,21.417243,2.998,0.193072059,0.8478853,3.146894527,1.227501795,0.647708068,0.628598303,0.769137175,1.137847032
16,21.413911,2.998,0.193190804,0.847957608,3.145377979,1.22765337,0.647808811,0.628691329,0.769196167,1.137752555
16,21.410829,2.998,0.193236547,0.84803966,3.144966963,1.227668499,0.647811878,0.628628943,0.769097541,1.137530551
16,21.407284,2.998,0.193005545,0.847756221,3.149931558,1.227678222,0.647770129,0.628652561,0.769140602,1.137588384
16,21.40487,2.998,0.193058211,0.847779061,3.150700013,1.227616075,0.647785751,0.628638978,0.769059821,1.137418612
16,21.40176,2.998,0.193191452,0.847903502,3.147700173,1.227649266,0.647794197,0.628656205,0.769092731,1.137464982
16,21.398776,2.998,0.193151964,0.847957384,3.147884089,1.227647294,0.647802754,0.628699405,0.769150322,1.137353544
16,21.39511,2.998,0.19316367,0.847943247,3.135733872,1.227661101,0.647776681,0.628696806,0.769076128,1.137316962
16,21.393941,2.998,0.193085484,0.847790457,3.142469662,1.227635241,0.647791179,0.628687323,0.769015848,1.137379977
16,21.391638,2.998,0.192971497,0.847778667,3.146209281,1.227719871,0.647824173,0.628688675,0.769045469,1.137468423
16,21.389312,2.998,0.193092545,0.847801451,3.141387194,1.227733777,0.647781519,0.628616255,0.769169227,1.137430269
16,21.388307,2.998,0.193073687,0.847742419,3.14421877,1.227724697,0.647787306,0.628668278,0.769052598,1.137636917
16,21.387091,2.998,0.193126778,0.84777227,3.143377572,1.227750259,0.64780274,0.628669014,0.76899879,1.137633731
16,21.38513,2.998,0.192950195,0.847662453,3.138954695,1.22777223,0.647833019,0.628690344,0.769009945,1.137413596
16,21.383392,2.998,0.192989437,0.847665106,3.139809011,1.22778848,0.647849631,0.628693211,0.769050236,1.13745015
16,21.382865,2.998,0.192925929,0.847594286,3.149656106,1.227825477,0.647822736,0.628685937,0.768722351,1.137292066
16,21.383096,2.998,0.192832786,0.847503559,3.141418012,1.227826855,0.647838455,0.628681728,0.768596054,1.137197495
17,21.547569,2.998,0.193383389,0.848440507,3.142524191,1.227022431,0.647723502,0.628513987,0.769273201,1.139263802
17,21.535882,2.998,0.193263424,0.848466055,3.151601836,1.227252922,0.647760952,0.628454588,0.769233011,1.138304216
17,21.525014,2.998,0.193315869,0.848487755,3.138229337,1.227199445,0.647806293,0.628501289,0.769218951,1.138546846
17,21.516294,2.998,0.193338907,0.848465318,3.141930933,1.22755046,0.647829814,0.628534007,0.76933867,1.138762104
17,21.507408,2.998,0.19337482,0.848482247,3.153175579,1.227222052,0.647845539,0.628578172,0.769296691,1.138378082
17,21.500178,2.998,0.193554088,0.848623878,3.148917625,1.22751029,0.647985226,0.628711038,0.769475579,1.138759697
17,21.49291,2.998,0.193440554,0.84855156,3.147802227,1.227525541,0.647943851,0.628700237,0.769348661,1.138573468
17,21.487873,2.998,0.193354895,0.848414609,3.14391766,1.227500073,0.647945608,0.628675283,0.769246699,1.138653617
17,21.482625,2.998,0.193467264,0.848469541,3.13685429,1.227723759,0.647927475,0.628710267,0.769350285,1.138387456
17,21.478197,2.998,0.193427564,0.848481694,3.147249592,1.227441233,0.647979351,0.62873783,0.769238523,1.138813146
17,21.473149,2.998,0.193404393,0.848525972,0,1.227822546,0.647981005,0.628722106,0.769293384,1.138121761
17,21.469472,2.998,0.193439921,0.848342401,3.151109317,1.227725235,0.648011149,0.628698927,0.76933176,1.138097128
17,21.466921,2.998,0.193497908,0.848399296,3.153056641,1.227666275,0.648052971,0.628772093,0.76932287,1.138003897
17,21.463705,2.998,0.193406668,0.848469436,3.148003738,1.227730093,0.648015343,0.62876767,0.769284859,1.13823073
17,21.460492,2.998,0.193410125,0.848225218,3.139676896,1.227855817,0.648011584,0.628791993,0.769231927,1.13830362
17,21.457978,2.998,0.193326305,0.848149611,3.146161838,1.227647212,0.648015245,0.62878155,0.768885387,1.138216574
17,21.456515,2.998,0.19331026,0.84817266,3.147038529,1.227792758,0.648041234,0.628753048,0.768310434,1.138393563
17,21.451593,2.998,0.19331529,0.848079981,3.138187989,1.228034938,0.648008212,0.628790842,0.768745109,1.138241174
17,21.448692,2.998,0.193413632,0.848223438,3.134292726,1.228049703,0.648079722,0.62879941,0.769133024,1.13786444
17,21.44694,2.998,0.193480262,0.848394966,3.150063134,1.227827986,0.648057169,0.628817835,0.769533713,1.13796629
17,21.446604,2.998,0.193535073,0.848246415,3.154938435,1.227774654,0.648077239,0.628836952,0.769864468,1.138239668
17,21.446578,2.998,0.193488058,0.848189024,3.135269096,1.227943571,0.648079917,0.628887318,0.769827305,1.138433494
17,21.447837,2.998,0.193487441,0.848163591,3.138982237,1.227950586,0.648094598,0.6288909,0.769955881,1.138387787
17,21.447015,2.998,0.193554764,0.848356177,3.137288578,1.22784838,0.648088789,0.628894034,0.769819713,1.138338092
17,21.445231,2.998,0.193431528,0.848218936,3.151371267,1.22785199,0.648101312,0.628873534,0.769657198,1.137858188
17,21.443187,2.998,0.193508924,0.84826067,3.14485687,1.227853239,0.648113715,0.628864165,0.769519047,1.13825705
17,21.441611,2.998,0.193572301,0.848233153,3.149390611,1.227946661,0.648119659,0.628955357,0.769524624,1.137917807
17,21.438761,2.998,0.193433614,0.84812002,3.146525004,1.227607282,0.648083317,0.628925459,0.769399737,1.138318401
17,21.437667,2.998,0.19346072,0.848297472,3.143212644,1.228080298,0.648122607,0.628947465,0.769443125,1.138287723
17,21.43709,2.998,0.193457341,0.848267898,3.136183252,1.227920712,0.648159242,0.628945279,0.769382566,1.137924472
17,21.436325,2.998,0.193480399,0.848158756,3.14103471,1.227656666,0.648150316,0.628927775,0.769340998,1.138248984
17,21.435779,2.998,0.19340295,0.848135176,3.151753638,1.227946537,0.648146662,0.628910418,0.769374107,1.138268059
17,21.435164,2.998,0.193397954,0.848243646,3.137302777,1.228085406,0.648150092,0.628918104,0.769381951,1.138015886
17,21.434804,2.998,0.193489164,0.848295287,3.146718357,1.228018533,0.648165349,0.628931566,0.76924438,1.138173607
17,21.433902,2.998,0.19340924,0.848037741,3.15166514,1.228104489,0.6481516,0.628924079,0.769314768,1.138246981
18,21.509462,2.998,0.193222815,0.848576262,3.146862166,1.22760539,0.647713739,0.628542575,0.769369601,1.138803528
18,21.504642,2.998,0.193234724,0.848652682,3.158293881,1.227689534,0.647810172,0.628589306,0.769445602,1.138092606
18,21.499634,2.998,0.193147935,0.848640862,3.135358008,1.227697768,0.647835867,0.628647536,0.769420932,1.138445177
18,21.493023,2.998,0.193257344,0.84849476,3.150889498,1.227761583,0.647815666,0.628601821,0.769459787,1.138425685
18,21.488375,2.998,0.193321705,0.848744203,3.145966125,1.227767942,0.647881604,0.628665116,0.76933187,1.138477321
18,21.482795,2.998,0.193293381,0.848673793,0,1.227837167,0.64792765,0.628690163,0.769323501,1.138351674
18,21.479551,2.998,0.193183016,0.848579238,3.138636561,1.227867672,0.64790834,0.628694337,0.76915094,1.1381766
18,21.476005,2.998,0.19333113,0.848607909,3.139090923,1.227912217,0.647946924,0.628735484,0.769416208,1.138283604
18,21.471741,2.998,0.193291802,0.848611355,3.1446813,1.227966804,0.647972376,0.628711586,0.769470706,1.138250565
18,21.4701,2.998,0.193295356,0.848622206,3.137587516,1.227960021,0.647967945,0.628791221,0.769434562,1.138381084
18,21.467545,2.998,0.193154567,0.84844871,3.143558704,1.227978912,0.647988032,0.628768934,0.769414447,1.138295344
18,21.465135,2.998,0.193347202,0.848551374,3.155255223,1.228021252,0.647995672,0.628753431,0.769431844,1.138285515
18,21.462094,2.998,0.193295119,0.848575213,3.143858126,1.227998601,0.647998242,0.628806717,0.769475386,1.13832227
18,21.459571,2.998,0.193254626,0.848441342,3.155701549,1.228069757,0.64802834,0.628831488,0.769427778,1.138211471
18,21.457544,2.998,0.193255116,0.84847944,3.13866334,1.228100664,0.64803211,0.628806902,0.768935463,1.138245639
18,21.456106,2.998,0.193216419,0.848486261,3.145144594,1.228109633,0.648014401,0.628847005,0.768837855,1.13807018
18,21.452289,2.998,0.193192513,0.848389866,3.154921694,1.228162202,0.648045425,0.628808905,0.768701586,1.138125051
18,21.447592,2.998,0.193233162,0.848262486,3.160164495,1.228202286,0.648020112,0.628831669,0.769237796,1.138052325
18,21.445654,2.998,0.193343909,0.848436991,3.148113013,1.228210586,0.648056288,0.628862481,0.769891322,1.138269812
18,21.446279,2.998,0.193373805,0.848435313,3.143231334,1.228210983,0.648086539,0.628885525,0.769801249,1.138136389
18,21.447324,2.998,0.193291721,0.848324689,3.142255005,1.228195246,0.648075319,0.628891287,0.769821174,1.138111562
18,21.447273,2.998,0.193371368,0.848435286,3.144384845,1.228225234,0.648097014,0.628909678,0.7699603,1.138167711
18,21.44521,2.998,0.193437586,0.848429465,3.135710838,1.228287502,0.648149048,0.628944659,0.769676276,1.138200774
18,21.442714,2.998,0.193319169,0.848408493,3.138564684,1.228299567,0.648093205,0.628940107,0.769561477,1.138390944
18,21.441886,2.998,0.193340661,0.848363675,3.140014291,1.228250294,0.648102028,0.628953105,0.769603354,1.137980684
18,21.439693,2.998,0.1933254,0.848526128,3.132248658,1.228300629,0.648129989,0.628946788,0.769451202,1.138445397
18,21.437404,2.998,0.193322031,0.848347736,3.142624663,1.228291354,0.648172665,0.628947374,0.769467158,1.138283744
18,21.437238,2.998,0.193279602,0.848394463,3.144008569,1.228318211,0.648144887,0.628941119,0.769459336,1.138042116
18,21.436149,2.998,0.193324204,0.848365206,3.137527595,1.228356964,0.648153632,0.628988633,0.769450289,1.138057689
18,21.436406,2.998,0.193376387,0.848367182,3.137170365,1.228387556,0.648138955,0.628986419,0.769432136,1.13814365
18,21.435892,2.998,0.193230138,0.848277966,3.148046142,1.228322586,0.648145126,0.628953844,0.769468461,1.138085981
18,21.43635,2.998,0.19338801,0.848426297,3.146586798,1.228390923,0.648173757,0.628943254,0.76957907,1.137949605
18,21.436089,2.998,0.193279467,0.84826988,0,1.228383793,0.648138934,0.628939791,0.769539793,1.137989237
18,21.435325,2.998,0.193296002,0.848296963,3.146079645,1.228394988,0.648161774,0.62892911,0.769587388,1.138326969
18,21.435244,2.998,0.193330527,0.848350925,3.142813167,1.2284293,0.648147033,0.628961636,0.769569975,1.138168004
19,21.491243,2.999,0.193058659,0.84801357,3.145471961,1.22710812,0.64748036,0.628321012,0.768997621,1.138013543
19,21.486021,2.999,0.19312342,0.848088996,3.144040776,1.227177381,0.647539356,0.628302868,0.769089921,1.137748044
19,21.480727,2.999,0.193079623,0.848007783,3.142592136,1.22718415,0.647579785,0.628386763,0.76904906,1.137717334
19,21.476289,2.999,0.193218637,0.848150585,3.149153972,1.227274064,0.647660377,0.628437479,0.769232827,1.138092977
19,21.47152,2.999,0.193456133,0.848340272,3.142625072,1.22750723,0.647895955,0.628721652,0.769385159,1.137808341
19,21.466661,2.999,0.193452969,0.848368651,3.152858365,1.22751043,0.647869481,0.628678171,0.769399826,1.137975141
19,21.462056,2.999,0.193817491,0.848631258,3.140851662,1.227886025,0.648269515,0.629068261,0.769693862,1.138274475
19,21.457907,2.999,0.193577116,0.848416342,3.138537056,1.227723357,0.6479879,0.628847354,0.769436666,1.138138044
19,21.453747,2.999,0.193339755,0.848215866,3.143274664,1.227571735,0.647861959,0.628676857,0.769242891,1.138005655
19,21.449772,2.999,0.193555618,0.848418438,3.137131916,1.227630516,0.648033463,0.628845034,0.769384601,1.13819903
19,21.446406,2.999,0.193817834,0.848673985,3.131275519,1.228028846,0.64828034,0.629137979,0.769599658,1.138177822
19,21.443131,2.999,0.193578044,0.848385217,3.139138398,1.227805337,0.648009416,0.628871026,0.769322496,1.138003729
19,21.439598,2.999,0.193502451,0.848276891,3.135163892,1.227746137,0.647999494,0.628836727,0.769270325,1.138206825
19,21.437247,2.999,0.193343716,0.848123478,3.140936584,1.227608801,0.647883706,0.628705962,0.76923197,1.137828679
19,21.43506,2.999,0.193445415,0.848176383,3.142046646,1.227760893,0.647987243,0.628863845,0.769302618,1.137895602
19,21.43237,2.999,0.193246047,0.847994023,3.142328189,1.227640838,0.647869281,0.62869999,0.769111482,1.13772046
19,21.430289,2.999,0.19347626,0.848180317,3.147168112,1.227830178,0.647964349,0.628804795,0.769233566,1.1376638
19,21.428046,2.999,0.193555042,0.848334606,3.144367912,1.227900384,0.648119432,0.628970134,0.769296265,1.137893856
19,21.425953,2.999,0.193700696,0.848417407,3.135510314,1.228087591,0.648224496,0.629057719,0.769405603,1.137976053
19,21.424264,2.999,0.193608556,0.848328283,3.143875423,1.228022076,0.648179555,0.629048871,0.769305071,1.137782444
19,21.423128,2.999,0.193505437,0.848228009,3.14633857,1.228071083,0.648191111,0.629024434,0.768838904,1.137776753
19,21.424002,2.999,0.193301152,0.847966966,3.138050881,1.227925475,0.64801401,0.62885258,0.768505929,1.137360205
19,21.42335,2.999,0.193185152,0.847806422,3.141167615,1.227791906,0.647889099,0.628711117,0.768462923,1.137384865
19,21.419551,2.999,0.193247074,0.847823254,3.14227901,1.227723925,0.647872116,0.628717079,0.768903874,1.137574825
19,21.41877,2.999,0.193265312,0.84784412,3.140992418,1.227764798,0.647900538,0.628724955,0.769302731,1.137641782
19,21.419999,2.999,0.193278708,0.847822038,3.13876703,1.227750502,0.647897304,0.628705342,0.769484236,1.137540082
19,21.423292,2.999,0.19332111,0.847924076,3.130996269,1.227783228,0.647874668,0.628776032,0.769419463,1.137674336
19,21.422655,2.999,0.193359308,0.847957837,3.143496226,1.227781983,0.6479173,0.628790115,0.76945241,1.137519523
19,21.421437,2.999,0.193627651,0.848084412,0,1.227990082,0.648084365,0.628962255,0.769688908,1.137864071
19,21.419768,2.999,0.193702961,0.848245497,3.131174887,1.228123301,0.648225512,0.629070439,0.76966732,1.13793453
19,21.418174,2.999,0.193432543,0.847995225,3.143664027,1.227938638,0.648073194,0.628899721,0.769384997,1.137820599
19,21.416968,2.999,0.193594885,0.848223171,3.148439511,1.228055454,0.6481675,0.629067945,0.76944301,1.137980702
19,21.416184,2.999,0.194104636,0.848714552,3.150947559,1.228612287,0.648653714,0.629532453,0.769954824,1.138327252
19,21.415366,2.999,0.193665391,0.848194406,3.146555261,1.228199704,0.648255554,0.629124648,0.769424029,1.13790283
19,21.415471,2.999,0.193307267,0.847903114,3.134270055,1.227884785,0.647983844,0.628844647,0.769159778,1.137716741
20,21.399375,2.998,0.193584873,0.848015263,3.137785584,1.228202197,0.64820365,0.628929651,0.769503072,1.137961974
20,21.39671,2.998,0.193585913,0.848092035,3.145382264,1.228310068,0.648278363,0.628999159,0.769602544,1.137638624
20,21.394199,2.998,0.193561953,0.848031132,3.148560254,1.228353883,0.648286497,0.629015786,0.769548138,1.137873999
20,21.392187,2.998,0.193665347,0.848195949,3.140336018,1.228362777,0.648352645,0.629119175,0.769752599,1.137715843
20,21.38976,2.998,0.193739847,0.848218462,0,1.228423816,0.648377408,0.629141788,0.769723137,1.137889755
20,21.386543,2.998,0.193999943,0.848522311,3.160544428,1.228827272,0.648768448,0.62953242,0.770061256,1.138213446
20,21.384008,2.998,0.193703619,0.84824739,0,1.228500355,0.648434577,0.629164739,0.769700176,1.137883988
20,21.381372,2.998,0.193751682,0.848225764,3.142138162,1.228572513,0.648486561,0.629266593,0.769581665,1.137823072
20,21.379645,2.998,0.193818832,0.848309743,3.146064806,1.228674375,0.648565785,0.629356239,0.769803016,1.138055097
20,21.378932,2.998,0.193735401,0.848241895,3.153691774,1.22873484,0.648600783,0.629356637,0.769732737,1.137854732
20,21.376895,2.998,0.193815667,0.848210354,3.150655083,1.228672377,0.648585051,0.629323737,0.769774036,1.137662845
20,21.37551,2.998,0.193932343,0.848228798,3.149537211,1.228582534,0.648491522,0.62931297,0.769760742,1.138741277
20,21.373963,2.998,0.193723933,0.848116454,3.15098181,1.228616344,0.648466728,0.62924178,0.769690211,1.137768068
20,21.37371,2.998,0.193737425,0.848149267,3.136538315,1.228637756,0.648510464,0.629278986,0.769685955,1.137850343
20,21.373336,2.998,0.19372582,0.848096844,0,1.228630637,0.648471443,0.629267025,0.769620601,1.1378747
20,21.372494,2.998,0.193799944,0.848158876,3.137439152,1.228638044,0.648499594,0.629295083,0.769788607,1.138226321
20,21.371723,2.998,0.193814805,0.84817428,3.141226001,1.228679076,0.648484752,0.629268407,0.769718761,1.137840082
20,21.371777,2.998,0.193652848,0.848025183,3.139092892,1.228657455,0.648494644,0.629305237,0.769656033,1.137742411
20,21.371754,2.998,0.193596034,0.848056193,3.151344033,1.228649523,0.648468588,0.629249557,0.769587239,1.137708863
20,21.372505,2.998,0.193670162,0.848105173,3.149170045,1.228690526,0.648494981,0.629294367,0.769650399,1.13773624
20,21.37202,2.998,0.193654414,0.848056771,3.137560278,1.228699878,0.648504851,0.629262373,0.769675597,1.137562178
20,21.373709,2.998,0.193581093,0.847877106,3.143542476,1.22869671,0.648461629,0.629249343,0.769623347,1.138262087
20,21.375555,2.998,0.193646896,0.847813824,3.142403973,1.228714134,0.648472294,0.629238368,0.769633682,1.137739996
20,21.374554,2.998,0.193513823,0.847844527,0,1.228702098,0.648458446,0.62919436,0.769558267,1.137459923
20,21.373952,2.998,0.193518398,0.847841901,3.147363899,1.228712504,0.648450539,0.629259828,0.769306038,1.137482472
20,21.373799,2.998,0.193802954,0.848024933,3.139519434,1.228673094,0.648541418,0.629277192,0.769813856,1.137658213
20,21.37478,2.998,0.19373533,0.848016864,3.146263595,1.228708636,0.64852038,0.629278615,0.769782114,1.1376567
20,21.376244,2.998,0.193723024,0.84807912,3.145975424,1.228692677,0.648547551,0.629292901,0.769795116,1.137956036
20,21.377929,2.998,0.193818559,0.848116364,3.141933824,1.228742412,0.648554248,0.629351277,0.769778539,1.137787054
20,21.381281,2.998,0.193829921,0.848150704,3.135532769,1.228726814,0.648618524,0.629376852,0.769823343,1.137850484
20,21.381722,2.998,0.193804949,0.848199794,3.146615048,1.228772761,0.648595022,0.629358944,0.7697712,1.13791681
20,21.38236,2.998,0.193762297,0.848086811,3.142838128,1.228735053,0.64854976,0.629341264,0.76976267,1.137816405
20,21.382176,2.998,0.193705713,0.848122526,3.149185603,1.228726527,0.648516862,0.629291879,0.769756214,1.137635336
20,21.382902,2.998,0.193660074,0.848061343,3.149479721,1.228715638,0.648494368,0.629260092,0.769663926,1.137931885
20,21.383216,2.998,0.193738269,0.848131766,3.142583187,1.22865864,0.648524176,0.629307369,0.769752449,1.137581505
21,21.570823,2.998,0.193124107,0.848327687,3.143866055,1.226263412,0.647120639,0.627907331,0.768764112,1.138171782
21,21.561772,2.998,0.193116885,0.848370612,3.142418958,1.226396197,0.647204209,0.628020637,0.768837148,1.137841613
21,21.553553,2.998,0.193409651,0.8486732,3.140599891,1.226735131,0.647556718,0.628278372,0.769132777,1.137954101
21,21.545236,2.998,0.193408159,0.848557548,3.135332429,1.226761395,0.647532036,0.628324906,0.7690551,1.13807126
21,21.537538,2.998,0.193455671,0.848594612,3.140286577,1.226847287,0.647641757,0.628393651,0.769066983,1.138029931
21,21.528778,2.998,0.193499346,0.848623922,3.135799047,1.226936937,0.647630532,0.62841789,0.769118693,1.13806151
21,21.522295,2.998,0.193453735,0.848666047,3.145993257,1.226964929,0.647736211,0.628521475,0.769168755,1.138209512
21,21.516268,2.998,0.193247993,0.848418382,3.143005152,1.226923355,0.64760994,0.628352633,0.769102578,1.137998655
21,21.50927,2.998,0.193135731,0.848292601,3.149086756,1.226801161,0.64748702,0.628304727,0.768992457,1.137865546
21,21.503182,2.998,0.193158125,0.848218014,3.145861448,1.226784439,0.64746906,0.628267787,0.76894474,1.138056596
21,21.497383,2.998,0.193252514,0.848241527,3.141821664,1.227002264,0.647570419,0.628369773,0.769044628,1.137733499
21,21.49294,2.998,0.1933674,0.848322618,3.146325123,1.227003537,0.647654481,0.628467417,0.769015706,1.137963636
21,21.4868,2.998,0.193178732,0.848130324,3.148366524,1.226958392,0.647505024,0.628337871,0.768938451,1.137701244
21,21.482706,2.998,0.193176041,0.848129688,3.136050302,1.226888904,0.647477639,0.628315889,0.768910312,1.13762073
21,21.477762,2.998,0.193101049,0.848041637,3.144421581,1.226940373,0.64746638,0.628285523,0.768867992,1.13739874
21,21.474091,2.998,0.193104783,0.847984893,3.141530229,1.226989286,0.647490681,0.628304143,0.768871559,1.137612465
21,21.470575,2.998,0.193155515,0.84802467,3.149068655,1.227066302,0.647531371,0.628328873,0.768829503,1.137537408
21,21.467128,2.998,0.193203937,0.848089632,0,1.227133952,0.647584469,0.628438824,0.768974376,1.137604863
21,21.463545,2.998,0.193238606,0.84807118,3.13845872,1.227214085,0.647646666,0.628496232,0.769033969,1.137596704
21,21.460593,2.998,0.193275432,0.848066703,3.141010441,1.227290801,0.647671139,0.628485072,0.769068488,1.137610539
21,21.457613,2.998,0.193244172,0.847971966,0,1.227255968,0.647686442,0.628481179,0.769092987,1.137472538
21,21.454212,2.998,0.19321483,0.847967221,3.141019109,1.227264164,0.647662754,0.628481716,0.768847199,1.13765691
21,21.452096,2.998,0.193132743,0.847909681,3.139998699,1.2272026,0.647628211,0.628413756,0.768912404,1.137245079
21,21.447437,2.998,0.193159007,0.84790086,3.140953108,1.227284414,0.647585792,0.628443159,0.768811086,1.137593542
21,21.444755,2.998,0.19317308,0.847859973,3.141980658,1.227274535,0.647617158,0.628418727,0.768841484,1.137632562
21,21.445322,2.998,0.193166732,0.84787963,3.14199838,1.227328248,0.6476556,0.628484875,0.768911295,1.137458332
21,21.44308,2.998,0.193260095,0.847975679,3.145111275,1.227381142,0.647692118,0.628553803,0.768944621,1.137472557
21,21.441883,2.998,0.193197212,0.847901224,3.135881908,1.227439891,0.647721131,0.628572775,0.768961465,1.137434195
21,21.439251,2.998,0.193168972,0.847806214,3.145495093,1.227383883,0.647669616,0.628543995,0.768913653,1.137438214
21,21.436739,2.998,0.193056501,0.847752192,3.140993715,1.227414662,0.647690612,0.6285044,0.768784251,1.137439307
21,21.435109,2.998,0.193170298,0.847744397,3.138052188,1.227389004,0.647673258,0.628527684,0.76882812,1.137253585
21,21.433231,2.998,0.193103713,0.847790185,3.130836253,1.227381077,0.64765723,0.628494361,0.768905746,1.137394919
21,21.432115,2.998,0.193050063,0.84765959,3.133563098,1.227398226,0.647644763,0.628502822,0.768829898,1.137141281
21,21.430748,2.998,0.193145496,0.847680453,3.140236134,1.227454471,0.647665185,0.628491107,0.768885142,1.137305275
21,21.430704,2.998,0.193138942,0.847795973,3.143685111,1.227408381,0.647689248,0.628486007,0.768953218,1.137368663
22,21.550973,2.998,0.194249091,0.849461028,3.154239202,1.227619463,0.648462725,0.629243716,0.770039316,1.138948419
22,21.544433,2.998,0.194266854,0.849523985,3.14263976,1.227696684,0.648586879,0.629330602,0.770076539,1.139064512
22,21.5353,2.998,0.194218205,0.849458196,3.154266686,1.227673059,0.64857858,0.629297782,0.769979741,1.139000649
22,21.528618,2.998,0.194257712,0.849410004,3.145657368,1.227765843,0.648584054,0.629327008,0.77002433,1.138713506
22,21.523626,2.998,0.194295435,0.849507103,3.138077016,1.227813346,0.648635695,0.629403394,0.770021121,1.139029926
22,21.517501,2.998,0.194360651,0.849491236,3.149605104,1.227844182,0.648676174,0.62945638,0.770175907,1.138772008
22,21.512011,2.998,0.194314246,0.849403068,3.144858086,1.227890614,0.648673804,0.629444778,0.770073363,1.138580053
22,21.507658,2.998,0.194375923,0.849436354,3.147619775,1.227926345,0.648730634,0.629493165,0.770200657,1.139153873
22,21.502483,2.998,0.194338082,0.849381474,3.14512075,1.227981712,0.648724538,0.629471301,0.769981065,1.13881944
22,21.497437,2.998,0.194369641,0.849411929,3.13712317,1.227986595,0.648756187,0.629483632,0.770174946,1.138893196
22,21.492582,2.998,0.194358371,0.849376089,3.135295103,1.228062973,0.6487929,0.629599341,0.770117879,1.139051883
22,21.489304,2.998,0.194360082,0.849408378,3.143059795,1.228106179,0.648788702,0.629584924,0.770172026,1.138524785
22,21.485159,2.998,0.19439868,0.849402426,3.144392,1.228159378,0.648816775,0.629627873,0.770232335,1.13871688
22,21.481306,2.998,0.194410466,0.849372921,3.137081217,1.228189449,0.648858493,0.629670028,0.770193091,1.138929707
22,21.476742,2.998,0.194523846,0.849343747,3.144672281,1.228246114,0.648798851,0.629568017,0.770202266,1.138963565
22,21.474229,2.998,0.194485996,0.849359805,3.141110264,1.228243185,0.648866217,0.629664132,0.77012972,1.138398957
22,21.470807,2.998,0.194439501,0.849298059,3.13331195,1.228314968,0.648906257,0.629692882,0.770222142,1.138296243
22,21.466902,2.998,0.194435619,0.849285686,3.142832023,1.228377515,0.648934552,0.62969852,0.770257616,1.138770905
22,21.465424,2.998,0.194448465,0.849267982,3.142821415,1.228419705,0.64895489,0.629770714,0.770264229,1.138645236
22,21.46174,2.998,0.19451944,0.849340419,3.15082168,1.228406362,0.648997798,0.629790634,0.770288193,1.13909102
22,21.45921,2.998,0.194471282,0.849219913,3.143773653,1.228475043,0.648980739,0.629802471,0.770341103,1.138643832
22,21.456612,2.998,0.194457217,0.849203921,3.140711485,1.228469562,0.648997177,0.629833755,0.770320515,1.138629191
22,21.454813,2.998,0.194508237,0.849318438,3.145479316,1.228496144,0.648999544,0.629836108,0.77040763,1.138686685
22,21.452753,2.998,0.194410771,0.849191921,3.138031884,1.228493241,0.648939975,0.629744718,0.770001567,1.138364558
22,21.450685,2.998,0.194347559,0.849117643,3.150634078,1.228562342,0.648972597,0.629805594,0.770074285,1.138771098
22,21.448582,2.998,0.194557015,0.849207859,3.15056734,1.228531833,0.649025228,0.629825295,0.770325703,1.138915861
22,21.446681,2.998,0.194436638,0.849115267,3.144676041,1.228577524,0.64900054,0.629835315,0.770240905,1.138171188
22,21.444521,2.998,0.194474992,0.849198865,3.136418308,1.228569616,0.649018957,0.629849983,0.77027756,1.13846855
22,21.443646,2.998,0.194293225,0.849007009,3.14726231,1.228588299,0.648986085,0.629782043,0.770007242,1.138803185
22,21.442857,2.998,0.194299727,0.849068989,3.143986154,1.228598668,0.649052503,0.629835302,0.770243333,1.138394996
22,21.442644,2.998,0.194323576,0.849026996,3.142812949,1.228695064,0.649049722,0.629897857,0.770128674,1.138814116
22,21.441964,2.998,0.194471236,0.849167549,3.132326377,1.228776297,0.649174129,0.62995995,0.770263379,1.138584137
22,21.443008,2.998,0.194345367,0.849118253,3.148204458,1.228728144,0.649143724,0.629940663,0.770154339,1.138751414
22,21.442165,2.998,0.194356946,0.849061297,3.145107648,1.228630664,0.649070524,0.629871038,0.770183609,1.138266542
22,21.44282,2.998,0.194431406,0.849100985,3.134457281,1.228649751,0.649074253,0.62988012,0.7702465,1.138633983
23,21.48492,2.9985,0.193742939,0.848713247,3.149755123,1.22745491,0.648002224,0.628751884,0.769140348,1.138132324
23,21.480016,2.9985,0.193643142,0.848675613,3.143499674,1.227541415,0.648050058,0.628783961,0.76936566,1.137383332
23,21.47394,2.9985,0.193837157,0.848749272,3.13789427,1.227577224,0.648069253,0.62882221,0.769519948,1.138119478
23,21.469175,2.9985,0.193880023,0.848750066,3.147407349,1.227672709,0.648120771,0.628880569,0.769559349,1.139772061
23,21.463568,2.9985,0.193900639,0.848741013,3.144498613,1.227684869,0.648188245,0.628940606,0.769620286,1.13796204
23,21.459717,2.9985,0.193860052,0.848679848,3.138062955,1.227780633,0.648198578,0.628957743,0.769486072,1.137821286
23,21.454077,2.9985,0.19386106,0.848714801,3.150429114,1.227795755,0.648193889,0.628993329,0.769462443,1.138416418
23,21.449609,2.9985,0.193823043,0.848773875,3.146749755,1.227880977,0.648240146,0.629007951,0.769518333,1.138522751
23,21.446074,2.9985,0.193840299,0.848712839,3.14291981,1.227915948,0.648270302,0.629026961,0.769490975,1.138233402
23,21.441937,2.9985,0.193904414,0.848679099,3.135301464,1.227918174,0.648288399,0.629049303,0.769528398,1.138644156
23,21.438105,2.9985,0.193818818,0.848640276,3.147627437,1.227985693,0.648328528,0.629146388,0.769644965,1.138212319
23,21.434644,2.9985,0.193920589,0.848737875,3.137683098,1.228007372,0.648303157,0.629087734,0.769517608,1.138047967
23,21.432622,2.9985,0.193908434,0.848646984,3.13954374,1.228009456,0.648335387,0.629122996,0.769631149,1.137247135
23,21.42992,2.9985,0.193870872,0.848599101,3.15651397,1.228059734,0.648360654,0.629164952,0.769632823,1.137500925
23,21.426974,2.9985,0.193912567,0.848581908,3.139571027,1.228105253,0.648410036,0.629171576,0.769709867,1.138153313
23,21.424615,2.9985,0.193922152,0.848611556,3.148155732,1.228101485,0.648400081,0.629191453,0.769673671,1.138042673
23,21.422698,2.9985,0.193951853,0.848644946,3.143454229,1.228137542,0.648390033,0.629173748,0.769647765,1.137937843
23,21.420407,2.9985,0.1939244,0.848567617,3.138632621,1.228213956,0.648398548,0.62918751,0.769620894,1.137728924
23,21.417913,2.9985,0.193954632,0.848655537,3.138788741,1.228242727,0.648445775,0.629291941,0.769547978,1.137018658
23,21.416584,2.9985,0.193996564,0.848614402,3.136368999,1.228249024,0.648449458,0.629251912,0.769837019,1.13783036
23,21.414694,2.9985,0.193916249,0.848530421,3.138792673,1.22826647,0.64842609,0.62925109,0.76958514,1.137654145
23,21.412797,2.9985,0.193945898,0.848512934,3.144070267,1.228258887,0.64848319,0.629275449,0.769658254,1.137639759
23,21.410958,2.9985,0.193961913,0.848560591,3.14466855,1.228311784,0.64850861,0.629326174,0.769698029,1.137101986
23,21.410346,2.9985,0.193933855,0.848528699,3.144684388,1.228287282,0.648492711,0.62929265,0.769644708,1.137567775
23,21.409165,2.9985,0.193934517,0.848504274,3.140536291,1.228301472,0.648469654,0.6292508,0.76966218,1.139378687
23,21.407029,2.9985,0.193932005,0.848459371,3.143192214,1.228352242,0.64849619,0.629310109,0.769800728,1.138478587
23,21.405608,2.9985,0.193936411,0.848440858,3.14141669,1.228389197,0.64852845,0.62934642,0.769742213,1.137879226
23,21.405127,2.9985,0.193947264,0.848470182,3.133201199,1.228379992,0.648510208,0.629346263,0.769745869,1.13827676
23,21.403685,2.9985,0.193948107,0.848475227,3.15406042,1.22835474,0.648482607,0.62929551,0.769670201,1.137689465
23,21.403232,2.9985,0.193882686,0.848408574,3.139388035,1.228395968,0.648531627,0.629287729,0.769623711,1.137769428
23,21.401659,2.9985,0.193909078,0.848413671,3.141208981,1.228463517,0.64849353,0.629309363,0.769673284,1.138289445
23,21.40216,2.9985,0.193895441,0.848466881,3.135796802,1.228452944,0.648499703,0.629312,0.769561981,1.136383504
23,21.401887,2.9985,0.193855406,0.848400716,3.14961329,1.228440358,0.648529162,0.629354897,0.769701011,1.137042258
23,21.401152,2.9985,0.1938936,0.848414251,3.15357116,1.228430985,0.648499443,0.629343826,0.769634182,1.138529524
23,21.400993,2.9985,0.193823941,0.848363263,3.142456024,1.228501091,0.64858486,0.629358505,0.769702423,1.137951651
24,21.518021,2.9985,0.193130398,0.848487361,3.140468856,1.227148588,0.647515287,0.628346217,0.769160105,1.138382372
24,21.511624,2.9985,0.193116874,0.848414551,0,1.227238765,0.647604186,0.628360356,0.769130486,1.138020604
24,21.504571,2.9985,0.193178682,0.848445387,3.13473042,1.227267934,0.647650003,0.628420267,0.769263181,1.138095533
24,21.497158,2.9985,0.193239392,0.848484395,3.143923072,1.2273711,0.647720906,0.628485017,0.769268017,1.138051402
24,21.490323,2.9985,0.193185859,0.84855315,3.149343901,1.22736592,0.64772032,0.628527838,0.769238011,1.138120249
24,21.483128,2.9985,0.193162461,0.848382888,3.149180373,1.227473001,0.647750779,0.62855287,0.769148436,1.13793695
24,21.476653,2.9985,0.193200538,0.848393305,3.153406375,1.227533257,0.647795027,0.628579384,0.769105998,1.137882297
24,21.472167,2.9985,0.193190484,0.848430769,3.139317038,1.22755315,0.647790132,0.628607233,0.76916095,1.138036501
24,21.466704,2.9985,0.193245406,0.848330709,3.136612595,1.227619259,0.647828589,0.628610842,0.769138809,1.138083246
24,21.462029,2.9985,0.193240469,0.848321643,3.13654003,1.22772517,0.647845727,0.628673899,0.769190019,1.138124835
24,21.45817,2.9985,0.193220094,0.848377232,3.135313129,1.227680075,0.647876827,0.628685176,0.769315742,1.137902549
24,21.454038,2.9985,0.193288517,0.848351609,3.138322965,1.227819043,0.647920467,0.628710585,0.76936368,1.138049789
24,21.449311,2.9985,0.193342775,0.848372266,3.132952721,1.227835653,0.647952395,0.628769393,0.769395356,1.138024029
24,21.44593,2.9985,0.193310701,0.84834151,3.144510736,1.227824461,0.647933149,0.628758438,0.769440162,1.137791155
24,21.442433,2.9985,0.193186999,0.84828938,3.142585037,1.227862441,0.647941145,0.628740239,0.76933113,1.137776876
24,21.438309,2.9985,0.193207003,0.848133114,3.150539084,1.227917537,0.6479416,0.628770562,0.76937525,1.137926895
24,21.435625,2.9985,0.193325182,0.848308655,3.155724638,1.228021042,0.648008999,0.628812384,0.769408576,1.138016263
24,21.432169,2.9985,0.193230265,0.848238118,3.135019705,1.227947232,0.648009446,0.628818425,0.769301001,1.137887869
24,21.429158,2.9985,0.193193967,0.848127841,3.152340846,1.227966119,0.647998012,0.628798024,0.769236507,1.138219162
24,21.426265,2.9985,0.193180802,0.84814146,3.152311045,1.228016736,0.648019057,0.628832447,0.769294916,1.137834285
24,21.423343,2.9985,0.193217436,0.848097411,0,1.228099332,0.648029566,0.628841233,0.769213385,1.137778859
24,21.421657,2.9985,0.19328522,0.848156579,3.151724691,1.22805697,0.648055847,0.62886607,0.769348783,1.138027481
24,21.419915,2.9985,0.193227368,0.848037515,3.137476541,1.228117489,0.648044603,0.62888164,0.769369319,1.137806623
24,21.417643,2.9985,0.193259904,0.848075963,3.139274176,1.228109384,0.648064935,0.628858148,0.76923367,1.137509356
24,21.416532,2.9985,0.193199104,0.848014262,3.139851791,1.228124259,0.648069189,0.628869117,0.769256419,1.137914893
24,21.41501,2.9985,0.193229646,0.848095764,3.142964844,1.228131349,0.648085643,0.628921335,0.769366233,1.137731704
24,21.413217,2.9985,0.193230913,0.848055632,3.143869775,1.228169984,0.648064081,0.628913316,0.769393497,1.137794447
24,21.41109,2.9985,0.193225123,0.848037831,3.149519135,1.228167452,0.648080421,0.628892286,0.769306764,1.137919058
24,21.409052,2.9985,0.193177414,0.847973804,3.142353867,1.228196129,0.648073919,0.628928576,0.769263388,1.137920282
24,21.408056,2.9985,0.193303838,0.848084275,3.147635948,1.228356736,0.648221007,0.628975047,0.769253003,1.137694085
24,21.406534,2.9985,0.193516162,0.84827464,3.14160435,1.228510532,0.648409971,0.629215797,0.769602499,1.138031135
24,21.405455,2.9985,0.193217396,0.847888102,3.150462387,1.228272611,0.648129852,0.628930361,0.76942195,1.13781634
24,21.405204,2.9985,0.193289065,0.848048199,3.140875329,1.228270802,0.648115584,0.628971824,0.769418148,1.137654312
24,21.40442,2.9985,0.193170013,0.847909346,3.150410847,1.22821848,0.648102634,0.628964489,0.769420274,1.137625481
24,21.402903,2.9985,0.193220129,0.847976225,3.146196348,1.228272922,0.648137576,0.628940704,0.769400531,1.137788083
25,21.595315,2.998,0.193009441,0.848706354,3.139882603,1.226915342,0.647418879,0.628143298,0.769221672,1.138895218
25,21.583925,2.998,0.192917178,0.848727346,3.139441344,1.226961561,0.647500624,0.628163878,0.769235838,1.138305002
25,21.572185,2.998,0.193049018,0.84884016,3.150012483,1.227048246,0.647503964,0.628270705,0.769303171,1.138607088
25,21.560288,2.998,0.193070558,0.848718781,3.149685762,1.227070375,0.64757471,0.628319868,0.76921913,1.138385431
25,21.551389,2.998,0.192959222,0.848668152,3.136757749,1.227199228,0.647588956,0.628336016,0.769252058,1.138288489
25,21.542364,2.998,0.193010822,0.84867407,3.157265981,1.227203442,0.647651367,0.628396823,0.769138101,1.138176229
25,21.533351,2.998,0.193142263,0.848695995,3.141724036,1.227354421,0.647659968,0.628431993,0.769228108,1.138331286
25,21.525256,2.998,0.193115577,0.848742385,3.136034862,1.227413956,0.647700289,0.628491906,0.769233955,1.138129226
25,21.518936,2.998,0.193139436,0.848680744,3.141067433,1.22743381,0.647719473,0.628497391,0.769276692,1.138397145
25,21.512952,2.998,0.193124164,0.84867276,3.143303557,1.227498663,0.647753231,0.628531259,0.769330194,1.138447148
25,21.506213,2.998,0.193133495,0.848627958,3.139325564,1.227551131,0.64776652,0.628554112,0.769323075,1.138578986
25,21.500901,2.998,0.193104659,0.848633843,3.124326647,1.227625655,0.647809954,0.628544099,0.76923784,1.138287372
25,21.495784,2.998,0.193107154,0.848538799,3.141640239,1.227638213,0.647803587,0.628573809,0.76936168,1.138433628
25,21.490603,2.998,0.193110907,0.848473051,3.142537188,1.227672182,0.647846836,0.628628176,0.76935766,1.13872701
25,21.485834,2.998,0.19312199,0.848462015,3.140863311,1.227703481,0.647863306,0.628640959,0.769330986,1.138304007
25,21.482164,2.998,0.193050414,0.848432284,3.137519624,1.227735982,0.647857199,0.628641338,0.769166742,1.138333744
25,21.478416,2.998,0.193070359,0.848339902,3.142086558,1.227818715,0.647880568,0.628668024,0.769312491,1.138264459
25,21.474768,2.998,0.193135619,0.848389198,3.145587746,1.22782306,0.647908421,0.628692389,0.769376912,1.13831467
25,21.471063,2.998,0.19317237,0.848422095,3.142996375,1.227908189,0.647925403,0.628711446,0.769404874,1.138263147
25,21.467509,2.998,0.19311624,0.848405595,3.147869482,1.227944652,0.647940787,0.62873544,0.769347944,1.138274694
25,21.465625,2.998,0.193150095,0.84838486,3.147934936,1.227926092,0.647936835,0.628718027,0.769258438,1.138175705
25,21.462443,2.998,0.193178849,0.848388822,3.135558834,1.227922013,0.647971215,0.628798015,0.769456888,1.138462722
25,21.46011,2.998,0.193072798,0.848223007,3.135933396,1.228014592,0.647950544,0.628714302,0.769368698,1.138126247
25,21.455215,2.998,0.193081495,0.848275984,3.149973495,1.228014431,0.648002595,0.628773124,0.769430039,1.137751468
25,21.452041,2.998,0.19311889,0.848271394,3.144384712,1.228057662,0.648012334,0.628833425,0.769168013,1.138044799
25,21.45067,2.998,0.193120343,0.848248721,3.146653938,1.228083188,0.64802401,0.628829099,0.769384782,1.138217554
25,21.448449,2.998,0.19309321,0.848214795,3.146054933,1.228080958,0.648029247,0.628815515,0.769425036,1.138201366
25,21.447078,2.998,0.193106026,0.848168985,3.148611608,1.22811335,0.64800263,0.628836437,0.769410428,1.138320601
25,21.445148,2.998,0.193131612,0.848161852,3.152889159,1.228131744,0.648031946,0.628787892,0.769412882,1.138214458
25,21.443036,2.998,0.193079879,0.848157807,3.146211102,1.228161594,0.648057145,0.62883549,0.769450982,1.137824974
25,21.441074,2.998,0.193107476,0.84825251,3.150039958,1.228146699,0.648084058,0.628876689,0.769412397,1.138140684
25,21.438633,2.998,0.193122233,0.848131296,3.137964433,1.228182647,0.648076149,0.62885507,0.769408889,1.138082879
25,21.43689,2.998,0.193084869,0.848119387,3.154924877,1.22822514,0.648076809,0.628864874,0.769293189,1.138129061
25,21.434578,2.998,0.193051121,0.848051529,3.140234511,1.228235321,0.648097622,0.628867638,0.769377986,1.138268778
25,21.433752,2.998,0.193079356,0.848044414,3.145058466,1.228256647,0.648094569,0.628877737,0.769386401,1.138080965
