Format Version,0.1,,,,,,,,,,,,,,,,,
Headers,l1 l2 l3 l4 l5 l6 l7 l8 SampleTemp Date Prototype Optics CellType Cell Drug Conc Test Folder NPoints,,,,,,,,,,,,,,,,,
Data Types,20.18f 20.18f 20.18f 20.18f 20.18f 20.18f 20.18f 20.18f f s s s s s s s s s s,,,,,,,,,,,,,,,,,
Model Version,4,,,,,,,,,,,,,,,,,
Interpolator,poly,,,,,,,,,,,,,,,,,
Model Complete,0,,,,,,,,,,,,,,,,,
Date,26/03/2018 13:32,,,,,,,,,,,,,,,,,
Enclosing Folder,G:\Team Drives\Data\Veriphi\2018\3. March\Helium\Pane Matching (Thick Set),,,,,,,,,,,,,,,,,
,,,,,,,,,,,,,,,,,,
l1,l2,l3,l4,l5,l6,l7,l8,SampleTemp,Date,Prototype,Optics,CellType,Cell,Drug,Conc,Test,Folder,NPoints
0.190374775,0.831509639,3.101659417,1.208565757,0.63885491,0.620004494,0.758543074,1.12110103,21.169719,180321-1134 Saline Elite-1-2 1,Helium,,Elite-1,2,Saline,9,1,,0
0.19037362,0.831559769,3.091968255,1.208572398,0.638870724,0.620033912,0.758656245,1.120826756,21.168693,180321-1135 Saline Elite-1-2 2,Helium,,Elite-1,2,Saline,9,2,,0
0.190407697,0.831612197,3.083641137,1.208568471,0.638907699,0.620062336,0.758619245,1.121242125,21.168804,180321-1136 Saline Elite-1-2 3,Helium,,Elite-1,2,Saline,9,3,,0
0.190450495,0.831690231,3.095992495,1.208568667,0.638906599,0.620098517,0.758637011,1.121042731,21.168516,180321-1137 Saline Elite-1-2 4,Helium,,Elite-1,2,Saline,9,4,,0
0.190395778,0.831654169,3.095270415,1.208578016,0.638932544,0.620126106,0.758648327,1.120802331,21.168979,180321-1137 Saline Elite-1-2 5,Helium,,Elite-1,2,Saline,9,5,,0
0.190444692,0.83166303,3.088915336,1.208599336,0.638929668,0.620116507,0.758688583,1.121111078,21.169507,180321-1138 Saline Elite-1-2 6,Helium,,Elite-1,2,Saline,9,6,,0
0.190456158,0.831772581,3.086262187,1.208582783,0.638949994,0.620115103,0.758650348,1.121307884,21.169945,180321-1139 Saline Elite-1-2 7,Helium,,Elite-1,2,Saline,9,7,,0
0.190455356,0.831781081,3.096343432,1.208581582,0.638927254,0.620135724,0.758617081,1.121242714,21.170344,180321-1140 Saline Elite-1-2 8,Helium,,Elite-1,2,Saline,9,8,,0
0.190403187,0.831755765,3.100019178,1.208591538,0.638940315,0.620112194,0.75863524,1.120985736,21.172608,180321-1141 Saline Elite-1-2 10,Helium,,Elite-1,2,Saline,9,10,,0
0.1905018,0.831768902,3.097253833,1.208566469,0.638947856,0.620186761,0.758648539,1.121181159,21.171123,180321-1141 Saline Elite-1-2 9,Helium,,Elite-1,2,Saline,9,9,,0
0.190553942,0.831842821,3.090412815,1.20862179,0.638972822,0.620154979,0.758689298,1.121299988,21.173502,180321-1142 Saline Elite-1-2 11,Helium,,Elite-1,2,Saline,9,11,,0
0.190594119,0.831965936,3.085958922,1.208717764,0.639085298,0.620337997,0.758768103,1.121492145,21.174952,180321-1143 Saline Elite-1-2 12,Helium,,Elite-1,2,Saline,9,12,,0
0.190613472,0.831932943,3.099551573,1.208610628,0.639027099,0.620275364,0.758672044,1.121974216,21.176479,180321-1144 Saline Elite-1-2 13,Helium,,Elite-1,2,Saline,9,13,,0
0.190579575,0.831917834,3.095194951,1.208598799,0.638995976,0.620235052,0.758670282,1.121411502,21.177194,180321-1144 Saline Elite-1-2 14,Helium,,Elite-1,2,Saline,9,14,,0
0.190447919,0.831884698,3.088713315,1.208544375,0.638948527,0.620193401,0.758409874,1.121159126,21.178956,180321-1145 Saline Elite-1-2 15,Helium,,Elite-1,2,Saline,9,15,,0
0.190431256,0.831775753,3.102428467,1.208589029,0.638868611,0.620059322,0.758751214,1.120897019,21.204247,180321-1153 Saline Elite-2-2 1,Helium,,Elite-2,2,Saline,9,1,,0
0.190380806,0.831711774,3.088574557,1.208665308,0.638935724,0.620075099,0.758769952,1.121355762,21.195976,180321-1153 Saline Elite-2-2 2,Helium,,Elite-2,2,Saline,9,2,,0
0.190415497,0.831736902,3.087811878,1.208649578,0.6389807,0.620105073,0.758844954,1.121400221,21.188948,180321-1154 Saline Elite-2-2 3,Helium,,Elite-2,2,Saline,9,3,,0
0.190409864,0.831715823,3.095166209,1.208646824,0.638979287,0.620118756,0.758792299,1.121266216,21.183921,180321-1155 Saline Elite-2-2 4,Helium,,Elite-2,2,Saline,9,4,,0
0.190441077,0.831789881,3.102798149,1.208681977,0.639008855,0.620161021,0.758790468,1.120731093,21.179762,180321-1156 Saline Elite-2-2 5,Helium,,Elite-2,2,Saline,9,5,,0
0.190422776,0.831814796,3.09189671,1.208708333,0.638965368,0.620168145,0.758736274,1.121089506,21.177115,180321-1156 Saline Elite-2-2 6,Helium,,Elite-2,2,Saline,9,6,,0
0.190438294,0.831778363,3.093160429,1.208710566,0.639004536,0.620176863,0.758817554,1.120490918,21.17447,180321-1157 Saline Elite-2-2 7,Helium,,Elite-2,2,Saline,9,7,,0
0.190384831,0.831772155,3.100255259,1.208758003,0.638992114,0.62017646,0.758716097,1.121233867,21.172739,180321-1158 Saline Elite-2-2 8,Helium,,Elite-2,2,Saline,9,8,,0
0.190421676,0.831803415,3.093024824,1.20876545,0.63901322,0.620161764,0.758705848,1.120481796,21.171016,180321-1159 Saline Elite-2-2 9,Helium,,Elite-2,2,Saline,9,9,,0
0.190443296,0.831828186,3.096596998,1.208746715,0.638994929,0.620191582,0.758721234,1.121346673,21.171685,180321-1200 Saline Elite-2-2 10,Helium,,Elite-2,2,Saline,9,10,,0
0.190402348,0.831860192,3.097215098,1.208750049,0.639020686,0.620224396,0.758688181,1.120530092,21.171727,180321-1200 Saline Elite-2-2 11,Helium,,Elite-2,2,Saline,9,11,,0
0.190447759,0.831804543,3.090797114,1.208724812,0.63905006,0.620234159,0.758710541,1.121403599,21.172637,180321-1201 Saline Elite-2-2 12,Helium,,Elite-2,2,Saline,9,12,,0
0.190659335,0.832062025,3.089292688,1.208989709,0.639333425,0.620485,0.758912157,1.121893658,21.173895,180321-1202 Saline Elite-2-2 13,Helium,,Elite-2,2,Saline,9,13,,0
0.190388067,0.831827616,3.086036178,1.208797291,0.639044999,0.620226184,0.75876978,1.120507057,21.176344,180321-1203 Saline Elite-2-2 14,Helium,,Elite-2,2,Saline,9,14,,0
0.19044753,0.831912802,3.103586353,1.208717528,0.639012389,0.62021761,0.758782441,1.120669968,21.177347,180321-1203 Saline Elite-2-2 15,Helium,,Elite-2,2,Saline,9,15,,0
0.190019732,0.830697928,3.089255948,1.207603687,0.637692596,0.618763878,0.75674083,1.118617689,21.172695,180321-1518 Saline Elite-3-2 1,Helium,,Elite-3,2,Saline,9,1,,0
0.190019938,0.830692658,3.092541226,1.207614553,0.637740844,0.618811086,0.756773928,1.118400436,21.176603,180321-1519 Saline Elite-3-2 2,Helium,,Elite-3,2,Saline,9,2,,0
0.190183281,0.830865634,3.09359936,1.2076043,0.637770923,0.618861919,0.756853881,1.118280094,21.176069,180321-1520 Saline Elite-3-2 3,Helium,,Elite-3,2,Saline,9,3,,0
0.190127468,0.830983385,3.088847367,1.207600346,0.637779608,0.618852788,0.756777895,1.118418702,21.1782,180321-1520 Saline Elite-3-2 4,Helium,,Elite-3,2,Saline,9,4,,0
0.190107268,0.831019897,3.08866155,1.207616996,0.637768708,0.618884599,0.756773661,1.118301936,21.178376,180321-1521 Saline Elite-3-2 5,Helium,,Elite-3,2,Saline,9,5,,0
0.190253922,0.831079312,3.095604415,1.207625873,0.637808229,0.618865832,0.756835761,1.118470493,21.179889,180321-1522 Saline Elite-3-2 6,Helium,,Elite-3,2,Saline,9,6,,0
0.19013448,0.830871222,3.091121165,1.207610745,0.637799711,0.618872403,0.756805313,1.118299549,21.180504,180321-1523 Saline Elite-3-2 7,Helium,,Elite-3,2,Saline,9,7,,0
0.190149148,0.831203317,3.089720839,1.207611337,0.637772043,0.618894863,0.756775741,1.118352882,21.180465,180321-1524 Saline Elite-3-2 8,Helium,,Elite-3,2,Saline,9,8,,0
0.190225018,0.83098513,3.094981351,1.207560779,0.637826269,0.618896715,0.756878774,1.118668539,21.180578,180321-1524 Saline Elite-3-2 9,Helium,,Elite-3,2,Saline,9,9,,0
0.190227128,0.830986946,3.093072234,1.207569869,0.637802859,0.618932954,0.75686679,1.118420025,21.180422,180321-1525 Saline Elite-3-2 10,Helium,,Elite-3,2,Saline,9,10,,0
0.190212199,0.830920443,3.097588338,1.207601274,0.637804043,0.618900629,0.756693752,1.118178875,21.180313,180321-1526 Saline Elite-3-2 11,Helium,,Elite-3,2,Saline,9,11,,0
0.190206764,0.830935651,3.095060774,1.207593969,0.637809764,0.618881063,0.75684963,1.118514075,21.179214,180321-1527 Saline Elite-3-2 12,Helium,,Elite-3,2,Saline,9,12,,0
0.190239999,0.831020074,3.095199796,1.207634171,0.637816645,0.618919014,0.756868006,1.118666193,21.178503,180321-1527 Saline Elite-3-2 13,Helium,,Elite-3,2,Saline,9,13,,0
0.190169355,0.831195094,3.092217775,1.207617303,0.637815276,0.618895486,0.756871284,1.118111149,21.17947,180321-1528 Saline Elite-3-2 14,Helium,,Elite-3,2,Saline,9,14,,0
0.190181556,0.831263064,3.091710349,1.207602353,0.637833088,0.618923287,0.756829846,1.11833284,21.178365,180321-1529 Saline Elite-3-2 15,Helium,,Elite-3,2,Saline,9,15,,0
0.190154813,0.830305586,3.091890815,1.207618449,0.637783686,0.618891277,0.75687085,1.118166698,21.190431,180321-1535 Saline Elite-4-2 1,Helium,,Elite-4,2,Saline,9,1,,0
0.190102988,0.830357835,0,1.207640594,0.637831076,0.618908226,0.756949541,1.11786253,21.185284,180321-1536 Saline Elite-4-2 2,Helium,,Elite-4,2,Saline,9,2,,0
0.190184991,0.830434326,3.094310858,1.207792399,0.637859369,0.618944211,0.756914877,1.118063509,21.179664,180321-1537 Saline Elite-4-2 3,Helium,,Elite-4,2,Saline,9,3,,0
0.190218354,0.830366641,3.097105746,1.207726895,0.637855504,0.618976741,0.756890408,1.118212259,21.175971,180321-1538 Saline Elite-4-2 4,Helium,,Elite-4,2,Saline,9,4,,0
0.190260123,0.830371892,3.092920642,1.207625468,0.637860193,0.618963312,0.756950731,1.118486589,21.173411,180321-1538 Saline Elite-4-2 5,Helium,,Elite-4,2,Saline,9,5,,0
0.190162009,0.830462369,3.090589346,1.207680817,0.637842477,0.618978923,0.756960898,1.118347963,21.171837,180321-1539 Saline Elite-4-2 6,Helium,,Elite-4,2,Saline,9,6,,0
0.190189993,0.830484836,3.087202496,1.207710095,0.637900551,0.619006094,0.756916858,1.118317156,21.171105,180321-1540 Saline Elite-4-2 7,Helium,,Elite-4,2,Saline,9,7,,0
0.190241842,0.830526164,3.094829162,1.207668272,0.637898962,0.619035416,0.756948499,1.118730521,21.169249,180321-1541 Saline Elite-4-2 8,Helium,,Elite-4,2,Saline,9,8,,0
0.190195096,0.830196107,3.109762426,1.207836157,0.637899435,0.619036199,0.756971088,1.117863086,21.168586,180321-1541 Saline Elite-4-2 9,Helium,,Elite-4,2,Saline,9,9,,0
0.190286094,0.830466017,3.100869747,1.207871433,0.63793613,0.619028298,0.75702707,1.118479769,21.167284,180321-1542 Saline Elite-4-2 10,Helium,,Elite-4,2,Saline,9,10,,0
0.191218586,0.831490961,3.098301503,1.208582302,0.638707237,0.619803793,0.757768291,1.118878743,21.165582,180321-1543 Saline Elite-4-2 11,Helium,,Elite-4,2,Saline,9,11,,0
0.190237557,0.830418852,3.095132632,1.207682422,0.637909819,0.619066325,0.756984822,1.118262924,21.164068,180321-1544 Saline Elite-4-2 12,Helium,,Elite-4,2,Saline,9,12,,0
0.190319819,0.830289859,3.093818644,1.207823883,0.637954781,0.619134525,0.756967833,1.118348571,21.162469,180321-1545 Saline Elite-4-2 13,Helium,,Elite-4,2,Saline,9,13,,0
0.190267136,0.83054352,3.083048204,1.207898266,0.637962596,0.619087277,0.756963153,1.118327427,21.160309,180321-1545 Saline Elite-4-2 14,Helium,,Elite-4,2,Saline,9,14,,0
0.190327072,0.830547505,0,1.207861983,0.637925104,0.619105692,0.757002928,1.11833515,21.157738,180321-1546 Saline Elite-4-2 15,Helium,,Elite-4,2,Saline,9,15,,0
0.190904302,0.832492976,3.09941845,1.208941348,0.639872576,0.621193198,0.760383778,1.124273271,21.190161,180321-1653 Saline Elite-5-2 1,Helium,,Elite-5,2,Saline,9,1,,0
0.190901425,0.832465748,3.094783172,1.208990109,0.639934829,0.621179554,0.760515395,1.124049701,21.184497,180321-1653 Saline Elite-5-2 2,Helium,,Elite-5,2,Saline,9,2,,0
0.190952159,0.832575312,0,1.209058771,0.639972963,0.621246869,0.760494991,1.123913074,21.177619,180321-1654 Saline Elite-5-2 3,Helium,,Elite-5,2,Saline,9,3,,0
0.191027281,0.832583274,3.097700015,1.209007357,0.640003989,0.621265934,0.760509412,1.123955294,21.172541,180321-1655 Saline Elite-5-2 4,Helium,,Elite-5,2,Saline,9,4,,0
0.190936028,0.832497988,3.102042825,1.209089822,0.639998354,0.621309105,0.760508678,1.123956065,21.166527,180321-1656 Saline Elite-5-2 5,Helium,,Elite-5,2,Saline,9,5,,0
0.191003458,0.832618021,3.093271476,1.209091221,0.640016073,0.621290463,0.760540422,1.123965965,21.162957,180321-1656 Saline Elite-5-2 6,Helium,,Elite-5,2,Saline,9,6,,0
0.190997695,0.832594622,3.094366518,1.209119604,0.64002446,0.621314811,0.760491484,1.124492101,21.160391,180321-1657 Saline Elite-5-2 7,Helium,,Elite-5,2,Saline,9,7,,0
0.191070279,0.832647201,3.094875276,1.209122039,0.640040836,0.621359632,0.760484224,1.124140225,21.156907,180321-1658 Saline Elite-5-2 8,Helium,,Elite-5,2,Saline,9,8,,0
0.191042854,0.832601314,3.090591552,1.20915603,0.640056882,0.621369712,0.760476776,1.123688181,21.152497,180321-1659 Saline Elite-5-2 10,Helium,,Elite-5,2,Saline,9,10,,0
0.191093376,0.832648231,3.096194881,1.209177627,0.6400916,0.621370129,0.760527761,1.124014808,21.152955,180321-1659 Saline Elite-5-2 9,Helium,,Elite-5,2,Saline,9,9,,0
0.191049059,0.832636457,3.093999417,1.209183774,0.640073236,0.6213844,0.760471653,1.124320128,21.151911,180321-1700 Saline Elite-5-2 11,Helium,,Elite-5,2,Saline,9,11,,0
0.19099743,0.832594215,3.09094464,1.209201915,0.640092447,0.62139005,0.760436407,1.12399492,21.149125,180321-1701 Saline Elite-5-2 12,Helium,,Elite-5,2,Saline,9,12,,0
0.190988208,0.832549443,3.094623041,1.209238368,0.640067701,0.621396295,0.760406261,1.124029449,21.149945,180321-1702 Saline Elite-5-2 13,Helium,,Elite-5,2,Saline,9,13,,0
0.190989574,0.832496868,3.089917169,1.209229472,0.640062395,0.621404984,0.760420272,1.123841703,21.148794,180321-1703 Saline Elite-5-2 14,Helium,,Elite-5,2,Saline,9,14,,0
0.190969373,0.832596599,3.090138466,1.209233707,0.640081321,0.621405621,0.760436337,1.124286035,21.146228,180321-1703 Saline Elite-5-2 15,Helium,,Elite-5,2,Saline,9,15,,0
0.190916146,0.832637831,3.101235683,1.208857941,0.639837732,0.621153348,0.760409145,1.124283744,21.223651,180321-1709 Saline Elite-6-2 1,Helium,,Elite-6,2,Saline,9,1,,0
0.190952594,0.832675906,3.092244203,1.208941546,0.639918828,0.621198189,0.760461705,1.124306454,21.208627,180321-1709 Saline Elite-6-2 2,Helium,,Elite-6,2,Saline,9,2,,0
0.190989891,0.83263946,3.104276716,1.20902717,0.639969954,0.621271011,0.760476334,1.124172714,21.198042,180321-1710 Saline Elite-6-2 3,Helium,,Elite-6,2,Saline,9,3,,0
0.190976302,0.832686272,3.085889698,1.209000693,0.639949062,0.621220699,0.760479739,1.124017758,21.188596,180321-1711 Saline Elite-6-2 4,Helium,,Elite-6,2,Saline,9,4,,0
0.19093085,0.832603433,3.089802135,1.209031275,0.639992,0.621241259,0.760477154,1.123935229,21.181685,180321-1712 Saline Elite-6-2 5,Helium,,Elite-6,2,Saline,9,5,,0
0.190977213,0.832584758,3.094258463,1.209043436,0.639975097,0.621298108,0.760466288,1.12421891,21.176513,180321-1712 Saline Elite-6-2 6,Helium,,Elite-6,2,Saline,9,6,,0
0.190928652,0.832538642,3.105690147,1.209035833,0.639982233,0.621235673,0.760486366,1.124095059,21.172676,180321-1713 Saline Elite-6-2 7,Helium,,Elite-6,2,Saline,9,7,,0
0.191015219,0.832644358,3.096932991,1.209077308,0.63995935,0.621267094,0.760492307,1.123631682,21.169399,180321-1714 Saline Elite-6-2 8,Helium,,Elite-6,2,Saline,9,8,,0
0.191064485,0.83265389,3.093310101,1.209140578,0.640055787,0.621346441,0.760512184,1.124357941,21.16536,180321-1715 Saline Elite-6-2 10,Helium,,Elite-6,2,Saline,9,10,,0
0.191056489,0.832668289,3.096559343,1.209115646,0.640029678,0.621352348,0.760531327,1.123878337,21.167732,180321-1715 Saline Elite-6-2 9,Helium,,Elite-6,2,Saline,9,9,,0
0.191095686,0.832846838,3.092608498,1.209206821,0.640133384,0.621396604,0.760603408,1.124222523,21.163709,180321-1716 Saline Elite-6-2 11,Helium,,Elite-6,2,Saline,9,11,,0
0.191146111,0.832698661,3.094703948,1.209224105,0.640138611,0.621473462,0.760601373,1.124137937,21.162787,180321-1717 Saline Elite-6-2 12,Helium,,Elite-6,2,Saline,9,12,,0
0.191049123,0.832728081,3.09343215,1.209114939,0.640035876,0.621338144,0.760496646,1.12417717,21.160874,180321-1718 Saline Elite-6-2 13,Helium,,Elite-6,2,Saline,9,13,,0
0.191015793,0.832619157,3.095557175,1.209059895,0.640005864,0.621336962,0.760431131,1.124030571,21.159416,180321-1719 Saline Elite-6-2 14,Helium,,Elite-6,2,Saline,9,14,,0
0.190924282,0.832591105,3.088471759,1.209075474,0.640016547,0.621290652,0.760467353,1.123773253,21.158609,180321-1719 Saline Elite-6-2 15,Helium,,Elite-6,2,Saline,9,15,,0
0.192085447,0.834267429,3.094732877,1.20889062,0.639973615,0.621149425,0.759935303,1.123891437,21.351637,180322-0857 Saline Elite-7-2 1,Helium,,Elite-7,2,Saline,9,1,,0
0.192064267,0.834249816,3.094000277,1.20888076,0.640055812,0.621232879,0.760062145,1.123727258,21.352978,180322-0858 Saline Elite-7-2 2,Helium,,Elite-7,2,Saline,9,2,,0
0.192132278,0.834301774,3.096071639,1.208928001,0.640124119,0.621298719,0.76002549,1.12369899,21.353982,180322-0858 Saline Elite-7-2 3,Helium,,Elite-7,2,Saline,9,3,,0
0.192243295,0.834446304,3.098677361,1.208953597,0.640171989,0.621417363,0.760149764,1.123849539,21.353915,180322-0859 Saline Elite-7-2 4,Helium,,Elite-7,2,Saline,9,4,,0
0.192201087,0.834414587,3.095451563,1.208901907,0.640135526,0.621324671,0.760074597,1.123595112,21.351291,180322-0900 Saline Elite-7-2 5,Helium,,Elite-7,2,Saline,9,5,,0
0.192186758,0.834400509,3.093923966,1.208938921,0.640184755,0.62134688,0.760161594,1.123859119,21.346628,180322-0901 Saline Elite-7-2 6,Helium,,Elite-7,2,Saline,9,6,,0
0.192234527,0.834520535,3.094764715,1.208889299,0.640157186,0.621363128,0.760071611,1.12371751,21.34622,180322-0901 Saline Elite-7-2 7,Helium,,Elite-7,2,Saline,9,7,,0
0.192262186,0.834579035,3.087613393,1.208991526,0.640102024,0.621296032,0.760175705,1.123722284,21.345866,180322-0902 Saline Elite-7-2 8,Helium,,Elite-7,2,Saline,9,8,,0
0.192271607,0.834485211,3.090596722,1.208935386,0.640207712,0.621404909,0.76015906,1.123798533,21.345719,180322-0903 Saline Elite-7-2 9,Helium,,Elite-7,2,Saline,9,9,,0
0.19216741,0.834472498,3.094336832,1.208907179,0.640114775,0.621329458,0.76015315,1.123604963,21.346577,180322-0904 Saline Elite-7-2 10,Helium,,Elite-7,2,Saline,9,10,,0
0.19219071,0.834484675,3.10013588,1.208879812,0.640092546,0.621302507,0.760063447,1.123873803,21.345346,180322-0905 Saline Elite-7-2 11,Helium,,Elite-7,2,Saline,9,11,,0
0.192117298,0.834368606,3.096905604,1.208867531,0.640034344,0.621226375,0.7595726,1.123419135,21.345396,180322-0905 Saline Elite-7-2 12,Helium,,Elite-7,2,Saline,9,12,,0
0.192228271,0.834398426,3.104975421,1.209026021,0.640215586,0.621471074,0.760064624,1.123890414,21.343999,180322-0906 Saline Elite-7-2 13,Helium,,Elite-7,2,Saline,9,13,,0
0.192194127,0.834337976,3.105844524,1.208849133,0.640208022,0.621413118,0.760154918,1.12378759,21.343162,180322-0907 Saline Elite-7-2 14,Helium,,Elite-7,2,Saline,9,14,,0
0.192187112,0.834423322,3.095818364,1.208911957,0.640110301,0.621341869,0.760054336,1.123538645,21.342459,180322-0908 Saline Elite-7-2 15,Helium,,Elite-7,2,Saline,9,15,,0
0.192121643,0.834095571,3.100381726,1.209129351,0.639994403,0.621120904,0.759972402,1.123528612,21.313371,180322-0922 Saline Elite-8-2 1,Helium,,Elite-8,2,Saline,9,1,,0
0.192159454,0.834158134,3.096863559,1.209229768,0.64014447,0.621281053,0.760021795,1.123526688,21.312855,180322-0923 Saline Elite-8-2 2,Helium,,Elite-8,2,Saline,9,2,,0
0.192373395,0.834360848,3.095083157,1.209363807,0.64029188,0.621424126,0.760318698,1.123390548,21.312042,180322-0924 Saline Elite-8-2 3,Helium,,Elite-8,2,Saline,9,3,,0
0.192313625,0.834383208,3.08915317,1.209275913,0.640234539,0.6213611,0.760282201,1.123211272,21.311033,180322-0924 Saline Elite-8-2 4,Helium,,Elite-8,2,Saline,9,4,,0
0.192390231,0.834410024,3.092073293,1.209351338,0.640208744,0.621424643,0.7602554,1.123423846,21.310479,180322-0925 Saline Elite-8-2 5,Helium,,Elite-8,2,Saline,9,5,,0
0.192468443,0.834477645,3.093365773,1.209446984,0.64032687,0.621513528,0.760407596,1.123347995,21.310663,180322-0926 Saline Elite-8-2 6,Helium,,Elite-8,2,Saline,9,6,,0
0.192780322,0.834823091,3.09788212,1.209571944,0.640532384,0.621661092,0.760572487,1.124022346,21.308569,180322-0927 Saline Elite-8-2 7,Helium,,Elite-8,2,Saline,9,7,,0
0.19229128,0.834384531,3.084445563,1.209236217,0.640146298,0.62135941,0.760029751,1.123319018,21.308836,180322-0928 Saline Elite-8-2 8,Helium,,Elite-8,2,Saline,9,8,,0
0.192231476,0.834234319,3.100340556,1.209163742,0.640119214,0.621286872,0.76015837,1.12331173,21.308542,180322-0928 Saline Elite-8-2 9,Helium,,Elite-8,2,Saline,9,9,,0
0.192121678,0.834201453,3.10053738,1.209078134,0.639995307,0.621216812,0.760112316,1.123138945,21.30757,180322-0929 Saline Elite-8-2 10,Helium,,Elite-8,2,Saline,9,10,,0
0.192182394,0.834254145,3.090455231,1.209138918,0.640066758,0.621242606,0.76014517,1.123365152,21.307591,180322-0930 Saline Elite-8-2 11,Helium,,Elite-8,2,Saline,9,11,,0
0.192121078,0.834214846,3.092387556,1.209079078,0.640057983,0.621286508,0.760191142,1.123385383,21.307117,180322-0931 Saline Elite-8-2 12,Helium,,Elite-8,2,Saline,9,12,,0
0.192172874,0.834338869,3.090374292,1.209134148,0.640052398,0.621293809,0.760156497,1.1233577,21.305985,180322-0931 Saline Elite-8-2 13,Helium,,Elite-8,2,Saline,9,13,,0
0.192233984,0.83432458,3.098618434,1.209075632,0.640116411,0.621345554,0.760268029,1.123408195,21.3049,180322-0932 Saline Elite-8-2 14,Helium,,Elite-8,2,Saline,9,14,,0
0.192199788,0.834337206,3.100790505,1.209232916,0.640148621,0.621372834,0.760153212,1.123540865,21.305012,180322-0933 Saline Elite-8-2 15,Helium,,Elite-8,2,Saline,9,15,,0
0.193224873,0.835751661,3.102057746,1.211374363,0.642337103,0.623650393,0.762929441,1.127178157,21.311173,180322-1049 Saline Elite-9-2 1,Helium,,Elite-9,2,Saline,1,1,,0
0.193236444,0.835702648,3.098164433,1.211356662,0.64235492,0.623628013,0.763023189,1.12701112,21.306961,180322-1050 Saline Elite-9-2 2,Helium,,Elite-9,2,Saline,1,2,,0
0.193335557,0.835773544,3.095329626,1.211430196,0.642466702,0.623720014,0.763040172,1.125686806,21.303158,180322-1051 Saline Elite-9-2 3,Helium,,Elite-9,2,Saline,1,3,,0
0.193454016,0.835895306,3.10476484,1.211310746,0.64242344,0.623766196,0.763263783,1.126963371,21.299199,180322-1052 Saline Elite-9-2 4,Helium,,Elite-9,2,Saline,1,4,,0
0.193341314,0.83591336,3.0995406,1.211514497,0.642553173,0.623822317,0.763247403,1.12642702,21.29612,180322-1052 Saline Elite-9-2 5,Helium,,Elite-9,2,Saline,1,5,,0
0.193419548,0.835855056,3.09767843,1.211426941,0.642514491,0.623718242,0.76330566,1.12632845,21.293128,180322-1053 Saline Elite-9-2 6,Helium,,Elite-9,2,Saline,1,6,,0
0.193553876,0.836094992,3.105258413,1.21165462,0.642650485,0.623973216,0.763411197,1.1283162,21.288355,180322-1054 Saline Elite-9-2 7,Helium,,Elite-9,2,Saline,1,7,,0
0.193407694,0.835885826,3.083343197,1.211464978,0.642503561,0.623805274,0.763302002,1.127830873,21.282989,180322-1055 Saline Elite-9-2 8,Helium,,Elite-9,2,Saline,1,8,,0
0.193474771,0.83592952,3.089343049,1.211633517,0.642569726,0.623922237,0.763359259,1.127871724,21.278132,180322-1055 Saline Elite-9-2 9,Helium,,Elite-9,2,Saline,1,9,,0
0.193566545,0.836027924,3.094814798,1.211657625,0.64263107,0.623966695,0.763389616,1.127793833,21.272361,180322-1056 Saline Elite-9-2 10,Helium,,Elite-9,2,Saline,1,10,,0
0.193467424,0.835928166,3.107974873,1.211716856,0.642632223,0.623943182,0.76312175,1.126631015,21.267233,180322-1057 Saline Elite-9-2 11,Helium,,Elite-9,2,Saline,1,11,,0
0.193741636,0.836083859,0,1.211963496,0.642838986,0.624129496,0.763461078,1.127977579,21.263172,180322-1058 Saline Elite-9-2 12,Helium,,Elite-9,2,Saline,1,12,,0
0.19351192,0.835967995,3.098777903,1.211844276,0.642705984,0.624067074,0.763266563,1.128121054,21.25993,180322-1059 Saline Elite-9-2 13,Helium,,Elite-9,2,Saline,1,13,,0
0.193475561,0.83593573,3.094172642,1.211794056,0.642674303,0.624008887,0.763295647,1.128029964,21.255399,180322-1059 Saline Elite-9-2 14,Helium,,Elite-9,2,Saline,1,14,,0
0.193336569,0.835726745,3.102631502,1.211776531,0.642654436,0.623968987,0.763128189,1.127445428,21.252283,180322-1100 Saline Elite-9-2 15,Helium,,Elite-9,2,Saline,1,15,,0
0.192045807,0.834081755,3.100583366,1.210654994,0.64129748,0.62253601,0.761776189,1.126423646,21.198337,180322-1111 Saline Elite-10-2 1,Helium,,Elite-10,2,Saline,1,1,,0
0.191966755,0.833985704,3.101051178,1.210611873,0.641274715,0.622489619,0.761767937,1.125784437,21.197374,180322-1112 Saline Elite-10-2 2,Helium,,Elite-10,2,Saline,1,2,,0
0.19188727,0.833918036,3.095861087,1.210486582,0.641195958,0.622418934,0.761635617,1.125697027,21.198921,180322-1112 Saline Elite-10-2 3,Helium,,Elite-10,2,Saline,1,3,,0
0.191928952,0.833943295,3.101025255,1.210592009,0.641225449,0.622446446,0.761544084,1.125027952,21.199163,180322-1113 Saline Elite-10-2 4,Helium,,Elite-10,2,Saline,1,4,,0
0.191874251,0.833939313,3.092785858,1.210477833,0.641201439,0.622420385,0.761682255,1.125140011,21.198938,180322-1114 Saline Elite-10-2 5,Helium,,Elite-10,2,Saline,1,5,,0
0.191897442,0.834090571,3.096621477,1.210606659,0.641262068,0.622490353,0.761486237,1.124865627,21.199278,180322-1115 Saline Elite-10-2 6,Helium,,Elite-10,2,Saline,1,6,,0
0.19181441,0.833903034,3.091474806,1.210577066,0.641243602,0.622438589,0.761325472,1.125832763,21.199127,180322-1115 Saline Elite-10-2 7,Helium,,Elite-10,2,Saline,1,7,,0
0.191819125,0.833957688,3.101675686,1.210571825,0.641179623,0.6224154,0.761447139,1.124815051,21.201534,180322-1116 Saline Elite-10-2 8,Helium,,Elite-10,2,Saline,1,8,,0
0.19196282,0.83396372,3.097985274,1.210677145,0.641294908,0.622513324,0.761693165,1.125094003,21.202803,180322-1117 Saline Elite-10-2 9,Helium,,Elite-10,2,Saline,1,9,,0
0.192145824,0.834166932,0,1.210819192,0.641396898,0.622648673,0.761860441,1.126020463,21.204079,180322-1118 Saline Elite-10-2 10,Helium,,Elite-10,2,Saline,1,10,,0
0.192204191,0.83425862,3.105871736,1.210764132,0.64147705,0.622727917,0.762129451,1.125129391,21.204113,180322-1119 Saline Elite-10-2 11,Helium,,Elite-10,2,Saline,1,11,,0
0.1920683,0.83419582,3.089211809,1.210665695,0.641307635,0.62256895,0.761944973,1.124875903,21.20018,180322-1119 Saline Elite-10-2 12,Helium,,Elite-10,2,Saline,1,12,,0
0.192038233,0.834073058,3.093966245,1.210695253,0.641340802,0.622609278,0.761932942,1.125307846,21.196093,180322-1120 Saline Elite-10-2 13,Helium,,Elite-10,2,Saline,1,13,,0
0.192051956,0.834127204,3.106208304,1.210681971,0.641277376,0.622544404,0.761910219,1.125039357,21.192376,180322-1121 Saline Elite-10-2 14,Helium,,Elite-10,2,Saline,1,14,,0
0.192106502,0.834213448,3.096162972,1.210727813,0.6413456,0.622629098,0.761940675,1.125807591,21.188171,180322-1122 Saline Elite-10-2 15,Helium,,Elite-10,2,Saline,1,15,,0
0.203034358,0.844387774,3.10073527,1.220707124,0.650528781,0.632053869,0.771116383,1.131500431,21.206333,180322-1658 Saline Elite-11-2 1,Helium,,Elite-11,2,Saline,9,1,,0
0.202561996,0.843889357,3.102587333,1.220454529,0.650157232,0.63169401,0.770631178,1.132451574,21.203247,180322-1659 Saline Elite-11-2 2,Helium,,Elite-11,2,Saline,9,2,,0
0.202802958,0.844160255,0,1.220618056,0.650356817,0.631915484,0.7708888,1.132220326,21.199532,180322-1700 Saline Elite-11-2 3,Helium,,Elite-11,2,Saline,9,3,,0
0.20278428,0.844149464,3.108364133,1.220661025,0.650327681,0.631892061,0.770715364,1.132079906,21.196208,180322-1701 Saline Elite-11-2 4,Helium,,Elite-11,2,Saline,9,4,,0
0.203229701,0.844576116,3.097642034,1.220976446,0.650855153,0.63239088,0.771386428,1.133204454,21.192907,180322-1701 Saline Elite-11-2 5,Helium,,Elite-11,2,Saline,9,5,,0
0.203600988,0.844793625,3.110482799,1.221447999,0.651390302,0.63298033,0.771897237,1.13370056,21.187961,180322-1702 Saline Elite-11-2 6,Helium,,Elite-11,2,Saline,9,6,,0
0.203253116,0.844560554,3.102262843,1.221140898,0.65095992,0.632486307,0.771496145,1.132936945,21.184933,180322-1703 Saline Elite-11-2 7,Helium,,Elite-11,2,Saline,9,7,,0
0.203132354,0.84441975,3.108285054,1.221045803,0.650921576,0.63250178,0.771456497,1.133702812,21.182727,180322-1704 Saline Elite-11-2 8,Helium,,Elite-11,2,Saline,9,8,,0
0.203691842,0.844949848,3.113078032,1.22171189,0.651720167,0.633280854,0.772219809,1.133354563,21.180889,180322-1704 Saline Elite-11-2 9,Helium,,Elite-11,2,Saline,9,9,,0
0.203173827,0.844474883,3.106594976,1.221033255,0.650777684,0.63238556,0.771366417,1.132553224,21.177302,180322-1705 Saline Elite-11-2 10,Helium,,Elite-11,2,Saline,9,10,,0
0.202952375,0.844292646,3.102605399,1.220803482,0.650524915,0.632123754,0.771016641,1.132354478,21.173434,180322-1706 Saline Elite-11-2 11,Helium,,Elite-11,2,Saline,9,11,,0
0.203157049,0.844482734,3.101895786,1.221061067,0.650850487,0.632396279,0.771336911,1.13306178,21.17183,180322-1707 Saline Elite-11-2 12,Helium,,Elite-11,2,Saline,9,12,,0
0.203696643,0.844941331,3.117805258,1.22168123,0.651672401,0.63324035,0.772230944,1.133225528,21.169715,180322-1708 Saline Elite-11-2 13,Helium,,Elite-11,2,Saline,9,13,,0
0.203676123,0.844899488,3.092644176,1.221679894,0.651592078,0.63323737,0.772051803,1.133252967,21.16744,180322-1708 Saline Elite-11-2 14,Helium,,Elite-11,2,Saline,9,14,,0
0.20279261,0.84401964,3.100164426,1.220838039,0.650435608,0.632014543,0.770806162,1.13224383,21.165062,180322-1709 Saline Elite-11-2 15,Helium,,Elite-11,2,Saline,9,15,,0
0.199995497,0.841780709,3.096439764,1.218089697,0.648465253,0.629696234,0.767748696,1.129747268,21.252726,180322-1713 Saline Elite-12-2 1,Helium,,Elite-12,2,Saline,9,1,,0
0.199181851,0.841130421,3.098636583,1.217791258,0.647962093,0.629189477,0.767317521,1.12902625,21.231639,180322-1713 Saline Elite-12-2 2,Helium,,Elite-12,2,Saline,9,2,,0
0.199617652,0.841493716,3.102072912,1.218064944,0.648291651,0.629475126,0.767668132,1.129109456,21.214064,180322-1714 Saline Elite-12-2 3,Helium,,Elite-12,2,Saline,9,3,,0
0.199177523,0.840888158,3.109736783,1.217661797,0.647962594,0.629176859,0.76741452,1.129404737,21.200296,180322-1715 Saline Elite-12-2 4,Helium,,Elite-12,2,Saline,9,4,,0
0.199659536,0.841292266,3.099836581,1.218119049,0.648505656,0.629681657,0.767823967,1.12941077,21.189033,180322-1716 Saline Elite-12-2 5,Helium,,Elite-12,2,Saline,9,5,,0
0.200064142,0.841877068,3.099675992,1.218598532,0.64857422,0.629796527,0.767775774,1.129298401,21.180869,180322-1717 Saline Elite-12-2 6,Helium,,Elite-12,2,Saline,9,6,,0
0.199524003,0.841010444,3.095623534,1.218230903,0.648146825,0.629356984,0.767294523,1.128798968,21.173434,180322-1717 Saline Elite-12-2 7,Helium,,Elite-12,2,Saline,9,7,,0
0.199494443,0.840986812,3.108619834,1.218245989,0.648143424,0.629355025,0.767322981,1.128567701,21.168357,180322-1718 Saline Elite-12-2 8,Helium,,Elite-12,2,Saline,9,8,,0
0.1998269,0.84157288,3.097900791,1.21849139,0.64853447,0.629761826,0.767776761,1.129547574,21.164078,180322-1719 Saline Elite-12-2 9,Helium,,Elite-12,2,Saline,9,9,,0
0.19997764,0.841419739,3.100859507,1.218617705,0.648392466,0.629607874,0.767491231,1.129007287,21.159916,180322-1720 Saline Elite-12-2 10,Helium,,Elite-12,2,Saline,9,10,,0
0.199150801,0.840578978,3.098654328,1.217819213,0.647838334,0.629055995,0.766972792,1.128893453,21.156459,180322-1720 Saline Elite-12-2 11,Helium,,Elite-12,2,Saline,9,11,,0
0.199623783,0.841400784,3.09590447,1.21846932,0.648452744,0.629686229,0.767645132,1.129151466,21.153397,180322-1721 Saline Elite-12-2 12,Helium,,Elite-12,2,Saline,9,12,,0
0.200141989,0.841760287,3.104166261,1.218697306,0.648865207,0.630091415,0.767993574,1.129438246,21.152491,180322-1722 Saline Elite-12-2 13,Helium,,Elite-12,2,Saline,9,13,,0
0.199758101,0.841332088,3.103548022,1.218616192,0.648421345,0.629630288,0.767554061,1.129200647,21.150262,180322-1723 Saline Elite-12-2 14,Helium,,Elite-12,2,Saline,9,14,,0
0.199971707,0.841232114,3.098561841,1.218661524,0.648471018,0.629724288,0.767508531,1.12931483,21.148988,180322-1724 Saline Elite-12-2 15,Helium,,Elite-12,2,Saline,9,15,,0
0.191342088,0.833367331,3.097139745,1.208690018,0.639866373,0.621155092,0.760328114,1.124351081,21.252969,180323-1204 Saline Elite-13-2 1,Helium,,Elite-13,2,Saline,9,1,,0
0.191306151,0.833064707,3.089312548,1.208700363,0.639892687,0.621181127,0.76044348,1.123972702,21.253436,180323-1205 Saline Elite-13-2 2,Helium,,Elite-13,2,Saline,9,2,,0
0.191383149,0.833518874,3.095004534,1.208650847,0.639928415,0.621208933,0.760532755,1.123966156,21.254043,180323-1206 Saline Elite-13-2 3,Helium,,Elite-13,2,Saline,9,3,,0
0.191423608,0.833390783,3.088574944,1.208697599,0.639934989,0.621219352,0.760550648,1.123997822,21.253773,180323-1206 Saline Elite-13-2 4,Helium,,Elite-13,2,Saline,9,4,,0
0.191470835,0.833416349,3.095444131,1.208757314,0.639977694,0.621265978,0.760574731,1.124106645,21.252748,180323-1207 Saline Elite-13-2 5,Helium,,Elite-13,2,Saline,9,5,,0
0.191465316,0.833562361,3.093501636,1.208693002,0.63997187,0.621279669,0.760554929,1.124250837,21.252214,180323-1208 Saline Elite-13-2 6,Helium,,Elite-13,2,Saline,9,6,,0
0.191438619,0.83351544,3.099651735,1.208742762,0.639948402,0.62127683,0.760556656,1.123972134,21.250809,180323-1209 Saline Elite-13-2 7,Helium,,Elite-13,2,Saline,9,7,,0
0.191478596,0.833590693,3.095978177,1.208681431,0.640000728,0.621305343,0.76052342,1.124374525,21.250162,180323-1209 Saline Elite-13-2 8,Helium,,Elite-13,2,Saline,9,8,,0
0.191460989,0.833475748,3.099981911,1.208683789,0.640021255,0.621336829,0.760602165,1.124297656,21.249976,180323-1210 Saline Elite-13-2 9,Helium,,Elite-13,2,Saline,9,9,,0
0.191479543,0.833351269,3.09047094,1.208739782,0.639997089,0.621365347,0.760512547,1.124176401,21.249026,180323-1211 Saline Elite-13-2 10,Helium,,Elite-13,2,Saline,9,10,,0
0.191479588,0.833666811,3.097708975,1.208723532,0.640003164,0.621311748,0.760530259,1.124428286,21.248202,180323-1212 Saline Elite-13-2 11,Helium,,Elite-13,2,Saline,9,11,,0
0.191488343,0.833668883,3.104721357,1.208753578,0.640015043,0.621335861,0.760539131,1.124212554,21.246196,180323-1213 Saline Elite-13-2 12,Helium,,Elite-13,2,Saline,9,12,,0
0.19145721,0.833400591,3.09455345,1.208789533,0.640021755,0.621373973,0.760592856,1.124375466,21.245617,180323-1213 Saline Elite-13-2 13,Helium,,Elite-13,2,Saline,9,13,,0
0.191544477,0.833454499,3.101389585,1.20875436,0.640041864,0.621376499,0.76061452,1.124249759,21.244671,180323-1214 Saline Elite-13-2 14,Helium,,Elite-13,2,Saline,9,14,,0
0.191486134,0.833884534,3.091489636,1.208705487,0.640007645,0.621392964,0.760585884,1.124040063,21.24446,180323-1215 Saline Elite-13-2 15,Helium,,Elite-13,2,Saline,9,15,,0
0.191393771,0.833394542,3.093611646,1.208280446,0.63964326,0.620944048,0.760312869,1.1244553,21.372468,180323-1331 Saline Elite-14-2 1,Helium,,Elite-14,2,Saline,9,1,,0
0.191385263,0.833388116,3.095611201,1.208146711,0.639664117,0.620863391,0.760314729,1.124120081,21.379236,180323-1332 Saline Elite-14-2 2,Helium,,Elite-14,2,Saline,9,2,,0
0.191485358,0.833642618,3.084901318,1.208122426,0.639685785,0.620947051,0.760460277,1.124310539,21.367951,180323-1333 Saline Elite-14-2 3,Helium,,Elite-14,2,Saline,9,3,,0
0.191513613,0.833567843,3.093746681,1.208192598,0.639680234,0.620997645,0.760449627,1.124273692,21.352869,180323-1334 Saline Elite-14-2 4,Helium,,Elite-14,2,Saline,9,4,,0
0.191531633,0.83373564,3.103189415,1.208220032,0.639738319,0.620975744,0.760477276,1.124263239,21.340018,180323-1335 Saline Elite-14-2 5,Helium,,Elite-14,2,Saline,9,5,,0
0.191544342,0.833649867,3.097618536,1.208258413,0.639788341,0.621061531,0.760500475,1.124316669,21.328927,180323-1335 Saline Elite-14-2 6,Helium,,Elite-14,2,Saline,9,6,,0
0.1915387,0.833609468,3.100903472,1.208298169,0.639777645,0.621017679,0.760494895,1.124409259,21.319907,180323-1336 Saline Elite-14-2 7,Helium,,Elite-14,2,Saline,9,7,,0
0.19157039,0.833582691,3.094277173,1.208335653,0.639763496,0.621073639,0.760462024,1.124384012,21.312999,180323-1337 Saline Elite-14-2 8,Helium,,Elite-14,2,Saline,9,8,,0
0.191526485,0.833577388,3.088999911,1.208373287,0.639800842,0.621092919,0.760406721,1.124507322,21.300969,180323-1338 Saline Elite-14-2 10,Helium,,Elite-14,2,Saline,9,10,,0
0.191555112,0.833725641,3.085169978,1.208368818,0.63980722,0.621099747,0.760469424,1.124488374,21.306867,180323-1338 Saline Elite-14-2 9,Helium,,Elite-14,2,Saline,9,9,,0
0.191548001,0.833645026,3.087424172,1.208387515,0.639818444,0.621124927,0.760469926,1.124081644,21.297091,180323-1339 Saline Elite-14-2 11,Helium,,Elite-14,2,Saline,9,11,,0
0.191482402,0.833700935,3.088690089,1.208455765,0.63985237,0.621132926,0.760455272,1.124181573,21.293434,180323-1340 Saline Elite-14-2 12,Helium,,Elite-14,2,Saline,9,12,,0
0.191529755,0.833606674,3.087347467,1.208473038,0.639858801,0.621183256,0.760422883,1.124405515,21.289877,180323-1341 Saline Elite-14-2 13,Helium,,Elite-14,2,Saline,9,13,,0
0.191594038,0.833647621,3.086596189,1.208501568,0.639908241,0.621227951,0.760593378,1.123911437,21.286799,180323-1342 Saline Elite-14-2 14,Helium,,Elite-14,2,Saline,9,14,,0
0.191558459,0.833598924,3.091846739,1.208474159,0.639895458,0.621200676,0.760471987,1.124245125,21.283793,180323-1342 Saline Elite-14-2 15,Helium,,Elite-14,2,Saline,9,15,,0
0.190399678,0.832581005,3.096504993,1.208839855,0.638952068,0.620193501,0.758908711,1.122417355,21.245686,180323-1559 Saline Elite-15-2 1,Helium,,Elite-15,2,Saline,9,1,,0
0.190512777,0.832597487,3.092860543,1.208963765,0.639118955,0.620300747,0.759225184,1.122136353,21.242483,180323-1600 Saline Elite-15-2 2,Helium,,Elite-15,2,Saline,9,2,,0
0.190557712,0.832777051,3.095281991,1.209045425,0.639178562,0.620356781,0.759199722,1.122287176,21.238586,180323-1600 Saline Elite-15-2 3,Helium,,Elite-15,2,Saline,9,3,,0
0.190576471,0.832769679,3.105892631,1.208958196,0.639164871,0.620341017,0.759147895,1.122049677,21.234645,180323-1601 Saline Elite-15-2 4,Helium,,Elite-15,2,Saline,9,4,,0
0.190478334,0.832632437,0,1.20894389,0.63909699,0.620315962,0.759111644,1.122246866,21.231455,180323-1602 Saline Elite-15-2 5,Helium,,Elite-15,2,Saline,9,5,,0
0.190473101,0.832683295,3.094001287,1.208959062,0.639104276,0.620287574,0.759112185,1.122390691,21.228403,180323-1603 Saline Elite-15-2 6,Helium,,Elite-15,2,Saline,9,6,,0
0.19039422,0.832623564,3.094476918,1.208936176,0.639091269,0.620333301,0.759112039,1.122128911,21.226358,180323-1604 Saline Elite-15-2 7,Helium,,Elite-15,2,Saline,9,7,,0
0.190410258,0.832589802,3.087765405,1.208950197,0.639103318,0.620316545,0.759091267,1.121846069,21.22485,180323-1604 Saline Elite-15-2 8,Helium,,Elite-15,2,Saline,9,8,,0
0.190527761,0.832642206,3.099217746,1.20900888,0.639141323,0.62035942,0.759187357,1.122366581,21.222958,180323-1605 Saline Elite-15-2 9,Helium,,Elite-15,2,Saline,9,9,,0
0.19054392,0.832695085,3.105250026,1.209010949,0.639157255,0.620370427,0.759236805,1.122362531,21.221618,180323-1606 Saline Elite-15-2 10,Helium,,Elite-15,2,Saline,9,10,,0
0.190601766,0.832696596,3.099471927,1.209132622,0.639187166,0.620421424,0.759286978,1.122390285,21.219061,180323-1607 Saline Elite-15-2 11,Helium,,Elite-15,2,Saline,9,11,,0
0.190583886,0.832680347,3.095477581,1.20913302,0.639246616,0.620449399,0.759218995,1.12234642,21.21634,180323-1608 Saline Elite-15-2 12,Helium,,Elite-15,2,Saline,9,12,,0
0.190593538,0.832740472,3.10151124,1.209060783,0.639191794,0.620433219,0.759152698,1.12215629,21.213226,180323-1608 Saline Elite-15-2 13,Helium,,Elite-15,2,Saline,9,13,,0
0.190525921,0.832655933,3.092463651,1.209133673,0.639186531,0.620431952,0.759063402,1.122535723,21.209562,180323-1609 Saline Elite-15-2 14,Helium,,Elite-15,2,Saline,9,14,,0
0.190488516,0.832625641,3.095742203,1.209165413,0.639204604,0.62044519,0.759164536,1.121985393,21.206373,180323-1610 Saline Elite-15-2 15,Helium,,Elite-15,2,Saline,9,15,,0
0.190453862,0.832057443,3.094279655,1.209029291,0.639069727,0.620263952,0.758951898,1.122012831,21.182098,180323-1619 Saline Elite-16-2 1,Helium,,Elite-16,2,Saline,9,1,,0
0.190493566,0.832068038,3.098534233,1.209059986,0.639145018,0.620305067,0.759011081,1.121985263,21.174009,180323-1620 Saline Elite-16-2 2,Helium,,Elite-16,2,Saline,9,2,,0
0.190521052,0.832124687,3.096846953,1.209153083,0.639184644,0.620359259,0.759073039,1.121709653,21.16753,180323-1621 Saline Elite-16-2 3,Helium,,Elite-16,2,Saline,9,3,,0
0.190563433,0.832188699,3.096508794,1.209171581,0.639180523,0.6203519,0.75906896,1.121756416,21.161522,180323-1622 Saline Elite-16-2 4,Helium,,Elite-16,2,Saline,9,4,,0
0.190471309,0.832120526,3.08986351,1.209136933,0.639171486,0.620326299,0.759021204,1.121840542,21.156821,180323-1622 Saline Elite-16-2 5,Helium,,Elite-16,2,Saline,9,5,,0
0.190468029,0.832115558,3.090850932,1.209121509,0.639166479,0.62034763,0.759088678,1.12183462,21.152033,180323-1623 Saline Elite-16-2 6,Helium,,Elite-16,2,Saline,9,6,,0
0.190539992,0.832136373,3.099669518,1.209144086,0.639191845,0.620344543,0.759095242,1.121803065,21.148828,180323-1624 Saline Elite-16-2 7,Helium,,Elite-16,2,Saline,9,7,,0
0.19050557,0.832134692,3.104071595,1.209132949,0.639178019,0.620364935,0.759116254,1.121582286,21.14536,180323-1625 Saline Elite-16-2 8,Helium,,Elite-16,2,Saline,9,8,,0
0.190464399,0.832094821,3.100444476,1.209183972,0.639212223,0.620395806,0.759101787,1.12179665,21.142127,180323-1625 Saline Elite-16-2 9,Helium,,Elite-16,2,Saline,9,9,,0
0.190533034,0.832141815,0,1.209225998,0.639222001,0.620430318,0.759061872,1.121770325,21.139113,180323-1626 Saline Elite-16-2 10,Helium,,Elite-16,2,Saline,9,10,,0
0.190634364,0.832170917,3.084384414,1.209237074,0.639259744,0.62049493,0.75910464,1.122124981,21.136077,180323-1627 Saline Elite-16-2 11,Helium,,Elite-16,2,Saline,9,11,,0
0.19058383,0.832240469,3.096481696,1.209256367,0.639287892,0.620450036,0.75906583,1.121783561,21.133447,180323-1628 Saline Elite-16-2 12,Helium,,Elite-16,2,Saline,9,12,,0
0.190587547,0.832229431,3.094620609,1.209298509,0.63929092,0.620505599,0.759161221,1.122088937,21.130758,180323-1629 Saline Elite-16-2 13,Helium,,Elite-16,2,Saline,9,13,,0
0.190528753,0.832132901,3.097984681,1.209287464,0.639239237,0.620455115,0.759087196,1.12165751,21.127624,180323-1629 Saline Elite-16-2 14,Helium,,Elite-16,2,Saline,9,14,,0
0.190586392,0.832120154,3.094479518,1.209306542,0.639292532,0.620501363,0.759111873,1.121787194,21.124915,180323-1630 Saline Elite-16-2 15,Helium,,Elite-16,2,Saline,9,15,,0
0.191142894,0.834098039,3.092034748,1.206807808,0.638425482,0.619786817,0.75883845,1.123470702,21.445764,180323-1740 Saline Elite-17-2 1,Helium,,Elite-17,2,Saline,9,1,,0
0.19130076,0.834066333,3.096881193,1.207167965,0.638698443,0.6200021,0.759151542,1.12301034,21.417003,180323-1740 Saline Elite-17-2 2,Helium,,Elite-17,2,Saline,9,2,,0
0.191287694,0.833869317,3.09310357,1.20743485,0.638836183,0.620148089,0.759167817,1.123036066,21.379997,180323-1741 Saline Elite-17-2 3,Helium,,Elite-17,2,Saline,9,3,,0
0.191263273,0.833548624,3.090519715,1.207505731,0.638794107,0.620053274,0.759112625,1.12285892,21.345269,180323-1742 Saline Elite-17-2 4,Helium,,Elite-17,2,Saline,9,4,,0
0.191232749,0.833382436,3.095931407,1.207617473,0.638879946,0.620148845,0.759127763,1.122581888,21.315753,180323-1743 Saline Elite-17-2 5,Helium,,Elite-17,2,Saline,9,5,,0
0.19122516,0.833409366,0,1.207750306,0.638910377,0.620177361,0.759168323,1.122776784,21.291352,180323-1744 Saline Elite-17-2 6,Helium,,Elite-17,2,Saline,9,6,,0
0.191247244,0.833454754,3.090363531,1.207825064,0.638932593,0.620255677,0.759078321,1.122555595,21.273752,180323-1744 Saline Elite-17-2 7,Helium,,Elite-17,2,Saline,9,7,,0
0.191251185,0.833225635,3.087851706,1.207930498,0.638995482,0.620292724,0.759207248,1.12268766,21.25701,180323-1745 Saline Elite-17-2 8,Helium,,Elite-17,2,Saline,9,8,,0
0.19123935,0.83315273,3.100804814,1.207992962,0.639010403,0.620312362,0.759184489,1.122527524,21.243197,180323-1746 Saline Elite-17-2 9,Helium,,Elite-17,2,Saline,9,9,,0
0.191246434,0.832962793,3.088408075,1.208124959,0.639046274,0.620351667,0.759183378,1.122627234,21.231321,180323-1747 Saline Elite-17-2 10,Helium,,Elite-17,2,Saline,9,10,,0
0.191280444,0.833241175,3.09251661,1.208206618,0.639115546,0.620427874,0.759262515,1.122540625,21.221586,180323-1747 Saline Elite-17-2 11,Helium,,Elite-17,2,Saline,9,11,,0
0.191284746,0.833162328,3.09638883,1.208257996,0.639133671,0.620462271,0.759265949,1.122524468,21.212904,180323-1748 Saline Elite-17-2 12,Helium,,Elite-17,2,Saline,9,12,,0
0.191247933,0.833003606,3.096406075,1.208266916,0.63915049,0.620452419,0.759200299,1.122526974,21.205057,180323-1749 Saline Elite-17-2 13,Helium,,Elite-17,2,Saline,9,13,,0
0.191207462,0.832936482,3.091920952,1.208407239,0.639220816,0.620489583,0.75923765,1.122417081,21.2001,180323-1750 Saline Elite-17-2 14,Helium,,Elite-17,2,Saline,9,14,,0
0.191400465,0.833077484,3.086864403,1.208514852,0.639372159,0.620618038,0.759410081,1.122640768,21.193833,180323-1751 Saline Elite-17-2 15,Helium,,Elite-17,2,Saline,9,15,,0
0.191443564,0.833119649,3.0966787,1.208544148,0.63929754,0.620647359,0.759378695,1.12289837,21.243097,180323-1753 Saline Elite-18-2 1,Helium,,Elite-18,2,Saline,9,1,,0
0.191463238,0.833194781,3.09445556,1.20848727,0.639333721,0.620622924,0.759486975,1.122538528,21.243098,180323-1754 Saline Elite-18-2 2,Helium,,Elite-18,2,Saline,9,2,,0
0.19146852,0.833126276,3.100918661,1.208514463,0.639376588,0.620681676,0.759468311,1.122546027,21.225943,180323-1755 Saline Elite-18-2 3,Helium,,Elite-18,2,Saline,9,3,,0
0.1913634,0.833113667,3.083386232,1.208599457,0.639376816,0.620654196,0.759397409,1.12260034,21.205895,180323-1756 Saline Elite-18-2 4,Helium,,Elite-18,2,Saline,9,4,,0
0.192024422,0.833612247,3.105606284,1.209247785,0.639995743,0.621343408,0.760113674,1.12331369,21.189158,180323-1757 Saline Elite-18-2 5,Helium,,Elite-18,2,Saline,9,5,,0
0.19205568,0.833580043,3.095173876,1.209327075,0.639999396,0.62129961,0.759997158,1.123037304,21.174565,180323-1757 Saline Elite-18-2 6,Helium,,Elite-18,2,Saline,9,6,,0
0.191382443,0.832980594,3.097274164,1.208798673,0.639444706,0.620730632,0.759445865,1.122575803,21.162585,180323-1758 Saline Elite-18-2 7,Helium,,Elite-18,2,Saline,9,7,,0
0.191382944,0.832968447,3.088248163,1.208816821,0.639467923,0.62073801,0.759449027,1.122354747,21.152657,180323-1759 Saline Elite-18-2 8,Helium,,Elite-18,2,Saline,9,8,,0
0.191427075,0.832989801,0,1.208797097,0.639463846,0.620763909,0.759497367,1.122488748,21.144836,180323-1800 Saline Elite-18-2 9,Helium,,Elite-18,2,Saline,9,9,,0
0.19139434,0.832938043,3.09510999,1.208825616,0.639482123,0.620731167,0.75949898,1.12235717,21.139332,180323-1801 Saline Elite-18-2 10,Helium,,Elite-18,2,Saline,9,10,,0
0.191428238,0.832920452,3.094888821,1.208831104,0.639498352,0.620806655,0.759503323,1.122536835,21.134002,180323-1801 Saline Elite-18-2 11,Helium,,Elite-18,2,Saline,9,11,,0
0.191457561,0.83295154,3.103610605,1.20889699,0.639534273,0.620807302,0.759528,1.1226437,21.129701,180323-1802 Saline Elite-18-2 12,Helium,,Elite-18,2,Saline,9,12,,0
0.191488231,0.832931646,3.101900351,1.208986807,0.639603212,0.620902054,0.759381947,1.122602519,21.126816,180323-1803 Saline Elite-18-2 13,Helium,,Elite-18,2,Saline,9,13,,0
0.191459975,0.832821195,3.096493947,1.208984053,0.639591487,0.620917892,0.759154808,1.122612152,21.124128,180323-1804 Saline Elite-18-2 14,Helium,,Elite-18,2,Saline,9,14,,0
0.191687649,0.833157588,3.096402786,1.209187736,0.639788868,0.621060684,0.759367836,1.122550191,21.119677,180323-1804 Saline Elite-18-2 15,Helium,,Elite-18,2,Saline,9,15,,0
0.190956526,0.833833543,3.098646201,1.207746495,0.639421169,0.620774813,0.760623766,1.125253747,21.394428,180326-1151 Saline Elite-19-2 1,Helium,,Elite-19,2,Saline,9,1,,0
0.190779791,0.833618373,3.099016474,1.207721115,0.639418786,0.620685137,0.760560694,1.124540536,21.385794,180326-1152 Saline Elite-19-2 2,Helium,,Elite-19,2,Saline,9,2,,0
0.190826243,0.833669363,3.097329934,1.207750976,0.639447314,0.620698026,0.760555467,1.124724931,21.379717,180326-1152 Saline Elite-19-2 3,Helium,,Elite-19,2,Saline,9,3,,0
0.190866564,0.833746484,3.100944539,1.207793832,0.639471434,0.620768377,0.760586149,1.124791889,21.374261,180326-1153 Saline Elite-19-2 4,Helium,,Elite-19,2,Saline,9,4,,0
0.190863484,0.833742692,3.091765615,1.207788699,0.639485652,0.620779965,0.760456407,1.124801842,21.368296,180326-1154 Saline Elite-19-2 5,Helium,,Elite-19,2,Saline,9,5,,0
0.190837524,0.833707284,3.088350691,1.207789596,0.639448847,0.620760658,0.76049728,1.124801399,21.364495,180326-1155 Saline Elite-19-2 6,Helium,,Elite-19,2,Saline,9,6,,0
0.190830247,0.833736805,3.094564616,1.20777613,0.639491718,0.620823119,0.76041585,1.124654641,21.361552,180326-1155 Saline Elite-19-2 7,Helium,,Elite-19,2,Saline,9,7,,0
0.191038346,0.833928875,3.09485589,1.208059749,0.63970531,0.621074488,0.760420924,1.124760114,21.358484,180326-1156 Saline Elite-19-2 8,Helium,,Elite-19,2,Saline,9,8,,0
0.19105827,0.833897199,3.090309167,1.20803721,0.639691582,0.620999271,0.760388985,1.124786901,21.356635,180326-1157 Saline Elite-19-2 9,Helium,,Elite-19,2,Saline,9,9,,0
0.191002519,0.833880286,3.096622394,1.208066025,0.639729087,0.621022447,0.760174086,1.124858012,21.353525,180326-1158 Saline Elite-19-2 10,Helium,,Elite-19,2,Saline,9,10,,0
0.190842192,0.833650054,3.088017158,1.207883637,0.639498292,0.62081967,0.760318306,1.124599601,21.349441,180326-1159 Saline Elite-19-2 11,Helium,,Elite-19,2,Saline,9,11,,0
0.190780274,0.833606172,3.09157183,1.207835729,0.639469972,0.620805393,0.760302788,1.124650812,21.346571,180326-1159 Saline Elite-19-2 12,Helium,,Elite-19,2,Saline,9,12,,0
0.190724396,0.833578666,3.092094147,1.207864408,0.639506188,0.620811771,0.760251998,1.124686724,21.34456,180326-1200 Saline Elite-19-2 13,Helium,,Elite-19,2,Saline,9,13,,0
0.190742299,0.833558397,3.095678371,1.207850838,0.639487116,0.620814846,0.760404361,1.124717311,21.345445,180326-1201 Saline Elite-19-2 14,Helium,,Elite-19,2,Saline,9,14,,0
0.190862558,0.833638315,3.093050196,1.207893668,0.639491546,0.620850302,0.760517042,1.124654517,21.343316,180326-1202 Saline Elite-19-2 15,Helium,,Elite-19,2,Saline,9,15,,0
0.190767354,0.833184174,3.099803476,1.207930553,0.639385123,0.620755777,0.760384962,1.125081181,21.344812,180326-1211 Saline Elite-20-2 1,Helium,,Elite-20,2,Saline,9,1,,0
0.190762066,0.833324085,3.094351246,1.208089434,0.639601961,0.620883309,0.760534138,1.124635847,21.337969,180326-1212 Saline Elite-20-2 2,Helium,,Elite-20,2,Saline,9,2,,0
0.190792237,0.833429847,3.093240721,1.208157493,0.639622875,0.620948914,0.760577978,1.12433715,21.331972,180326-1213 Saline Elite-20-2 3,Helium,,Elite-20,2,Saline,9,3,,0
0.190788779,0.833340163,3.096973826,1.208052278,0.63957618,0.62084554,0.760510846,1.124470714,21.326626,180326-1213 Saline Elite-20-2 4,Helium,,Elite-20,2,Saline,9,4,,0
0.191646518,0.834287091,3.10335222,1.208902996,0.640464705,0.621696865,0.761227822,1.125931312,21.321314,180326-1214 Saline Elite-20-2 5,Helium,,Elite-20,2,Saline,9,5,,0
0.190931644,0.833457397,3.102291777,1.208217328,0.639720988,0.620997626,0.760607929,1.124706312,21.316717,180326-1215 Saline Elite-20-2 6,Helium,,Elite-20,2,Saline,9,6,,0
0.190879367,0.833475261,3.100228046,1.208256497,0.63971558,0.621046552,0.760596624,1.124560624,21.313106,180326-1216 Saline Elite-20-2 7,Helium,,Elite-20,2,Saline,9,7,,0
0.190753477,0.833331831,3.089666697,1.208082367,0.639574305,0.620866259,0.760430382,1.124479156,21.310854,180326-1216 Saline Elite-20-2 8,Helium,,Elite-20,2,Saline,9,8,,0
0.191265031,0.833907692,0,1.208669771,0.640116567,0.621431322,0.760899048,1.124675405,21.307485,180326-1217 Saline Elite-20-2 9,Helium,,Elite-20,2,Saline,9,9,,0
0.190802987,0.83332539,3.094473479,1.208158753,0.639591704,0.620957135,0.760439802,1.124505833,21.304207,180326-1218 Saline Elite-20-2 10,Helium,,Elite-20,2,Saline,9,10,,0
0.191128348,0.833630161,3.093011233,1.208504221,0.639963133,0.62126047,0.760757586,1.12479896,21.302635,180326-1219 Saline Elite-20-2 11,Helium,,Elite-20,2,Saline,9,11,,0
0.190721349,0.833327146,3.090911981,1.208155291,0.639590802,0.62089107,0.760343658,1.124357471,21.301285,180326-1220 Saline Elite-20-2 12,Helium,,Elite-20,2,Saline,9,12,,0
0.190755356,0.833273346,3.097379377,1.20821928,0.63964655,0.620955446,0.760442916,1.124249864,21.30102,180326-1220 Saline Elite-20-2 13,Helium,,Elite-20,2,Saline,9,13,,0
0.190784554,0.83339544,3.091074186,1.208244363,0.639652048,0.620947392,0.760371473,1.124615761,21.299549,180326-1221 Saline Elite-20-2 14,Helium,,Elite-20,2,Saline,9,14,,0
0.191251701,0.833776817,0,1.208719149,0.640096499,0.621467807,0.760948251,1.124962199,21.298214,180326-1222 Saline Elite-20-2 15,Helium,,Elite-20,2,Saline,9,15,,0
