Format Version,0.1
Headers,l1 l2 l3 l4 l5 l6 l7 l8 SampleTemp Date Prototype Optics CellType Cell Drug Conc Test Folder NPoints
Data Types,20.18f 20.18f 20.18f 20.18f 20.18f 20.18f 20.18f 20.18f f s s s s s s s s s s
Model Version,4
Interpolator,poly
Model Complete,0
Date,06-Apr-2018 15:31:01
Enclosing Folder,"G:\Team Drives\Data\Veriphi\2018\4. April\Helium\Pane Matching (Thin Set)"

l1,l2,l3,l4,l5,l6,l7,l8,SampleTemp,Date,Prototype,Optics,CellType,Cell,Drug,Conc,Test,Folder,NPoints
0.193300885613625990,0.848483475383762010,3.147376294529459900,1.226837502167960100,0.647608244995062980,0.628504825404669010,0.769107741761371980,1.138576686706199900,21.376270,180405-1048 Saline Elite-21-2 1,Helium,,Elite-21,2,Saline,9,1,,0
0.193142803989128000,0.848375943665120040,3.143595864204979900,1.226932869719520100,0.647643388844467040,0.628443978209212050,0.769171331259197010,1.138081981193509900,21.365004,180405-1049 Saline Elite-21-2 2,Helium,,Elite-21,2,Saline,9,2,,0
0.193207802677266010,0.848326214452662990,3.144766546759509800,1.227063158586470000,0.647736440865422040,0.628483174691393030,0.769235956529338960,1.137954489380590000,21.350534,180405-1050 Saline Elite-21-2 3,Helium,,Elite-21,2,Saline,9,3,,0
0.193220878612065990,0.848258502099617950,3.141803360810489800,1.227105866395130000,0.647769744868840980,0.628549048584614020,0.769180394409416990,1.137996459109780000,21.336927,180405-1050 Saline Elite-21-2 4,Helium,,Elite-21,2,Saline,9,4,,0
0.193212134906293990,0.848298033331247980,3.138604014263730100,1.227173011136280000,0.647834269756327960,0.628504779862764980,0.769300322993777040,1.137714579125410000,21.327297,180405-1051 Saline Elite-21-2 5,Helium,,Elite-21,2,Saline,9,5,,0
0.193275637816693990,0.848266359024665960,3.136829137714050000,1.227268812145260000,0.647829728495274980,0.628639059232562030,0.769277481247353960,1.137929516078890000,21.316466,180405-1052 Saline Elite-21-2 6,Helium,,Elite-21,2,Saline,9,6,,0
0.193245628769954990,0.848236901782743020,3.138503283740770000,1.227319842357629900,0.647899199050000040,0.628654192263255030,0.769226243311783020,1.137859818813200100,21.308328,180405-1053 Saline Elite-21-2 7,Helium,,Elite-21,2,Saline,9,7,,0
0.193318433413515010,0.848239401295788010,3.134324890688799900,1.227414511800110100,0.647947746136466000,0.628712344092811960,0.769337423302797970,1.138081282849799900,21.300391,180405-1054 Saline Elite-21-2 8,Helium,,Elite-21,2,Saline,9,8,,0
0.193304867032135010,0.848046310405612960,3.129368774239840200,1.227457594760210000,0.647947671133792040,0.628742929615318970,0.769333283292502950,1.137936131039990000,21.291172,180405-1054 Saline Elite-21-2 9,Helium,,Elite-21,2,Saline,9,9,,0
0.193319962042413000,0.848142547411081970,3.145423284028550100,1.227564620818030000,0.648005974081871990,0.628771928698372950,0.769271365818028020,1.137826113529960100,21.282833,180405-1055 Saline Elite-21-2 10,Helium,,Elite-21,2,Saline,9,10,,0
0.193269283435667990,0.848019901664590960,3.139348974307030200,1.227586411544640000,0.648032952864667000,0.628771803969983000,0.769242335855509050,1.137779005596069900,21.275148,180405-1056 Saline Elite-21-2 11,Helium,,Elite-21,2,Saline,9,11,,0
0.193284225087171000,0.848034302825473980,3.134395514768149900,1.227720980015170000,0.648053552506388960,0.628859332866581020,0.769263969078900050,1.137670098234669900,21.266591,180405-1057 Saline Elite-21-2 12,Helium,,Elite-21,2,Saline,9,12,,0
0.193268028737126010,0.847948140976400030,3.147990691060219800,1.227763354877540000,0.648084523525471970,0.628867432173223050,0.769317513736823000,1.137686878464359900,21.258241,180405-1057 Saline Elite-21-2 13,Helium,,Elite-21,2,Saline,9,13,,0
0.193297949685410000,0.847985477244294960,3.144914900108939800,1.227776302144730100,0.648118482401729980,0.628900053295590960,0.769281833619589020,1.137846136601030000,21.249784,180405-1058 Saline Elite-21-2 14,Helium,,Elite-21,2,Saline,9,14,,0
0.193323048108526990,0.847861931026661960,3.136741612215680200,1.227848194078780000,0.648141047052601000,0.628920955424847050,0.769320628685667970,1.137534674428370100,21.241378,180405-1059 Saline Elite-21-2 15,Helium,,Elite-21,2,Saline,9,15,,0
0.193248496604867010,0.847603757612079960,3.142736005852360100,1.228021078599079900,0.648126376044939940,0.628916515268381990,0.769180380880151950,1.137810117650640100,21.254954,180405-1102 Saline Elite-22-2 1,Helium,,Elite-22,2,Saline,9,1,,0
0.193510657941836000,0.847703043289509960,3.142433900353229800,1.228258860032259900,0.648344251139851950,0.629103315801492040,0.769501766466639040,1.137881721739640000,21.240171,180405-1103 Saline Elite-22-2 2,Helium,,Elite-22,2,Saline,9,2,,0
0.193314793756200000,0.847703372205538040,3.141029648769770000,1.228159994097739900,0.648280090325254020,0.628996068299239040,0.769547484124566970,1.137725717177880100,21.226770,180405-1104 Saline Elite-22-2 3,Helium,,Elite-22,2,Saline,9,3,,0
0.193350460251222990,0.847694418771341000,3.149363979590329900,1.228283347575279900,0.648337297599810960,0.629079836730939030,0.769615494972810010,1.137631482591950000,21.213299,180405-1104 Saline Elite-22-2 4,Helium,,Elite-22,2,Saline,9,4,,0
0.194005996336193000,0.848331340168672950,3.147403845816580100,1.229054603097740100,0.649058948994984950,0.629807453306328040,0.770302719636378970,1.138199094337980100,21.201455,180405-1105 Saline Elite-22-2 5,Helium,,Elite-22,2,Saline,9,5,,0
0.193408664292743000,0.847639145917317040,3.141171983560699900,1.228376764252510100,0.648383275209301950,0.629194155415781050,0.769654812205556980,1.137387609149620000,21.189289,180405-1106 Saline Elite-22-2 6,Helium,,Elite-22,2,Saline,9,6,,0
0.193362647084734000,0.847491077746978960,3.141331313380970200,1.228479463497130100,0.648408592560561050,0.629187956129352970,0.769598829606495950,1.137500654001420100,21.178954,180405-1107 Saline Elite-22-2 7,Helium,,Elite-22,2,Saline,9,7,,0
0.193397890653510010,0.847477451292364960,3.149926426409380000,1.228598889997230000,0.648475731029247050,0.629227890693308980,0.769568910368694010,1.137602180600260100,21.168283,180405-1108 Saline Elite-22-2 8,Helium,,Elite-22,2,Saline,9,8,,0
0.193339534592908010,0.847493319848550030,0.000000000000000000,1.228690223596760100,0.648499360786120030,0.629276560794796990,0.769549916305272030,1.137657840278780000,21.156459,180405-1108 Saline Elite-22-2 9,Helium,,Elite-22,2,Saline,9,9,,0
0.193343053073412010,0.847393819580773980,3.134700727860740200,1.228737703490089900,0.648528710879828000,0.629247920782910030,0.769497293363623050,1.137158141269740000,21.147973,180405-1109 Saline Elite-22-2 10,Helium,,Elite-22,2,Saline,9,10,,0
0.193378855552704010,0.847362645067118000,3.140232647643600200,1.228821664489480000,0.648545909160368030,0.629328235180538040,0.769473448705967010,1.137353938746280100,21.137146,180405-1110 Saline Elite-22-2 11,Helium,,Elite-22,2,Saline,9,11,,0
0.193389880768494000,0.847305803540013950,3.141516131941410000,1.228886713959840100,0.648602979065771020,0.629387165849302990,0.769477166026677040,1.137303250534269900,21.128288,180405-1111 Saline Elite-22-2 12,Helium,,Elite-22,2,Saline,9,12,,0
0.193330648095838000,0.847259704305360020,3.135249228325300000,1.228945933918899900,0.648606356516199020,0.629395574946769010,0.769506350983112040,1.137119006934510100,21.118102,180405-1111 Saline Elite-22-2 13,Helium,,Elite-22,2,Saline,9,13,,0
0.193465307482548000,0.847229299861452010,3.140906041792570000,1.229052984195919900,0.648717705552277040,0.629481978678747000,0.769683179840827010,1.137377154058190100,21.107913,180405-1112 Saline Elite-22-2 14,Helium,,Elite-22,2,Saline,9,14,,0
0.193522017761837000,0.847204677367689010,3.144861716583910100,1.229095610321450100,0.648743862875220010,0.629486266155378950,0.769668226155572950,1.137362343344410000,21.099153,180405-1113 Saline Elite-22-2 15,Helium,,Elite-22,2,Saline,9,15,,0
0.193612165600040990,0.849050668531173950,3.146812826771030000,1.227941350077409900,0.648091027329219970,0.628851809821892040,0.769482754256866960,1.138799314419209900,21.300553,180405-1128 Saline Elite-23-2 1,Helium,,Elite-23,2,Saline,9,1,,0
0.193517164098616990,0.848906802337820010,3.142589894102230100,1.228121277499409900,0.648203589323216980,0.628933092207422000,0.769566415257469050,1.137942091562240000,21.274184,180405-1129 Saline Elite-23-2 2,Helium,,Elite-23,2,Saline,9,2,,0
0.193496489741120990,0.848877885577924980,3.148216387077840100,1.228282646446579900,0.648257252228773950,0.628950138652545010,0.769601061090126050,1.138313085441140100,21.252055,180405-1130 Saline Elite-23-2 3,Helium,,Elite-23,2,Saline,9,3,,0
0.193597938330466010,0.848517723647293050,3.150128382695979800,1.228363104318600100,0.648350107632185040,0.629017008952657000,0.769604711500903040,1.137986119979359900,21.233041,180405-1130 Saline Elite-23-2 4,Helium,,Elite-23,2,Saline,9,4,,0
0.193608092404366990,0.848250962547914990,3.137653376366280200,1.228486935366500000,0.648386800513186980,0.629126174724517040,0.769640711731724990,1.138233451788210000,21.217032,180405-1131 Saline Elite-23-2 5,Helium,,Elite-23,2,Saline,9,5,,0
0.193847260620295000,0.848761489391619000,3.130427483128550100,1.228792902999849900,0.648630058657994950,0.629373835534512980,0.769830954292830990,1.138537868925519900,21.204165,180405-1132 Saline Elite-23-2 6,Helium,,Elite-23,2,Saline,9,6,,0
0.194099281461427990,0.848770188704291990,3.152266973971269900,1.229063186189379900,0.648898019799187040,0.629625657259289980,0.770114864488921970,1.138516266835720000,21.191311,180405-1133 Saline Elite-23-2 7,Helium,,Elite-23,2,Saline,9,7,,0
0.193827558197689990,0.848672304512416040,3.139125212187869900,1.228955255959010000,0.648682591508143000,0.629385721821413950,0.769763345683287970,1.138158623449909900,21.179294,180405-1134 Saline Elite-23-2 8,Helium,,Elite-23,2,Saline,9,8,,0
0.193802230351436010,0.848374196822120010,3.145829286006789800,1.228945139372360100,0.648697068513091950,0.629409246998272050,0.769899003009383960,1.137836448406990100,21.166721,180405-1134 Saline Elite-23-2 9,Helium,,Elite-23,2,Saline,9,9,,0
0.193687574504053000,0.848242178145609980,3.144752232565689800,1.228903735792850100,0.648572988893856950,0.629327388325277020,0.769744065213497030,1.137805067361989900,21.155809,180405-1135 Saline Elite-23-2 10,Helium,,Elite-23,2,Saline,9,10,,0
0.193659632412956000,0.848030431531576980,3.151119635526180100,1.228962522516490000,0.648591839416891030,0.629361829423897960,0.769756876455347960,1.137808086484430000,21.143938,180405-1136 Saline Elite-23-2 11,Helium,,Elite-23,2,Saline,9,11,,0
0.193708669881076990,0.848244333913888980,0.000000000000000000,1.229059284684199900,0.648638077907691010,0.629396817792699960,0.769732847222943000,1.138031390480120000,21.132188,180405-1137 Saline Elite-23-2 12,Helium,,Elite-23,2,Saline,9,12,,0
0.193719372472470010,0.848339140606906960,3.143831798945670100,1.229111654760820100,0.648689092317481950,0.629436376899522030,0.769706618796464960,1.137579205261580100,21.120181,180405-1137 Saline Elite-23-2 13,Helium,,Elite-23,2,Saline,9,13,,0
0.193687520643020000,0.848066547430849970,3.146929423834010200,1.229241581113889900,0.648713911764348010,0.629445751961875020,0.769774460917083010,1.137588378256600100,21.107909,180405-1138 Saline Elite-23-2 14,Helium,,Elite-23,2,Saline,9,14,,0
0.193980729920402990,0.848318927307159960,3.141960571249200000,1.229460496684160000,0.648912133131994030,0.629668460690635980,0.769978159627621950,1.137595177934380000,21.096719,180405-1139 Saline Elite-23-2 15,Helium,,Elite-23,2,Saline,9,15,,0
0.196283214873694990,0.850009485900966030,3.148684588866089900,1.232600640815580100,0.652023771849157050,0.632609956895596960,0.772723709344500960,1.141009929028510100,21.058926,180405-1151 Saline Elite-24-2 1,Helium,,Elite-24,2,Saline,9,1,,0
0.194079913521295000,0.847741420293924960,3.153289833318449800,1.230281067402049900,0.649412883328037040,0.630067129960164010,0.770338142775397030,1.137663714752450000,21.043307,180405-1152 Saline Elite-24-2 2,Helium,,Elite-24,2,Saline,9,2,,0
0.193580013670252990,0.847126520953413010,3.145737497672680000,1.229895999439390100,0.648964495035911030,0.629624341389894980,0.769776451925716980,1.137387889601150000,21.030250,180405-1153 Saline Elite-24-2 3,Helium,,Elite-24,2,Saline,9,3,,0
0.194944859356666000,0.848509177065025040,3.141788398648690100,1.231353418111220000,0.650407859229227950,0.631054294493855970,0.771369407051047950,1.138583955577950000,21.020952,180405-1153 Saline Elite-24-2 4,Helium,,Elite-24,2,Saline,9,4,,0
0.193591163958518000,0.847098566596699020,3.138112844090089800,1.229992986203900100,0.649023348248694010,0.629725317357705980,0.769803698745398000,1.137156512536970000,21.012675,180405-1154 Saline Elite-24-2 5,Helium,,Elite-24,2,Saline,9,5,,0
0.193572713810240990,0.847083351609010050,3.138456021694940200,1.230007542446380100,0.648988166766773960,0.629640039011512000,0.769876065214660010,1.137088073453340000,21.006591,180405-1155 Saline Elite-24-2 6,Helium,,Elite-24,2,Saline,9,6,,0
0.193550491145107000,0.847130192930759970,3.137576568802180200,1.230048417231540000,0.649015779305753050,0.629682054641461990,0.769783480079767050,1.137181681998219900,21.002197,180405-1156 Saline Elite-24-2 7,Helium,,Elite-24,2,Saline,9,7,,0
0.194142843880939000,0.847695540942114970,3.144707468931200000,1.230633158768569900,0.649627126849726010,0.630337955449341010,0.770496381651044950,1.137686853291000100,20.998690,180405-1157 Saline Elite-24-2 8,Helium,,Elite-24,2,Saline,9,8,,0
0.193601158683616990,0.847106977541691950,0.000000000000000000,1.230058562308910000,0.649070782566473990,0.629701926448461010,0.769853337102893050,1.136871094146479900,20.996628,180405-1157 Saline Elite-24-2 9,Helium,,Elite-24,2,Saline,9,9,,0
0.194115822634520010,0.847552416938169960,3.148507746076560000,1.230592817245379900,0.649549369486406960,0.630224978152375990,0.770346632908435970,1.137414888970700100,20.993856,180405-1158 Saline Elite-24-2 10,Helium,,Elite-24,2,Saline,9,10,,0
0.193737546232758990,0.847161925080678000,3.139598553741330000,1.230192813492780000,0.649092179214394990,0.629817663461530010,0.769888760313774960,1.137188375633799900,20.989128,180405-1159 Saline Elite-24-2 11,Helium,,Elite-24,2,Saline,9,11,,0
0.193672778483017010,0.847086950717801050,3.141289474985840000,1.230229220725030000,0.649137782409468960,0.629863419869568950,0.769891656730955050,1.137138220564039900,20.984776,180405-1200 Saline Elite-24-2 12,Helium,,Elite-24,2,Saline,9,12,,0
0.193935991498738000,0.847414399484998970,3.152166774702060100,1.230517482747890000,0.649394625361256030,0.630110788198699030,0.770149551256149030,1.137318963284879900,20.979595,180405-1200 Saline Elite-24-2 13,Helium,,Elite-24,2,Saline,9,13,,0
0.194082825576494010,0.847505090507792990,3.143802950347470000,1.230593660472949900,0.649495578655209020,0.630194867619690010,0.770204429672723960,1.137463104853100100,20.974962,180405-1201 Saline Elite-24-2 14,Helium,,Elite-24,2,Saline,9,14,,0
0.194604997766937990,0.848016786104096030,3.151383953411130100,1.231224242578260000,0.650072927641995980,0.630815223188585960,0.770949220670758990,1.138113495171249900,20.968662,180405-1202 Saline Elite-24-2 15,Helium,,Elite-24,2,Saline,9,15,,0
0.193310112431744010,0.846856648892833960,3.145343102774079900,1.229378067648540000,0.648647281440483000,0.629353569543829040,0.769498141106518040,1.137435876489540000,21.050986,180405-1231 Saline Elite-25-2 1,Helium,,Elite-25,2,Saline,9,1,,0
0.193344978088608010,0.846929864011518040,3.148409066259009800,1.229435000243430000,0.648758882569875020,0.629442243296360000,0.769654384667686990,1.137332233849370100,21.046781,180405-1231 Saline Elite-25-2 2,Helium,,Elite-25,2,Saline,9,2,,0
0.193306630908936990,0.846855283559646010,3.148131147306279900,1.229366390766569900,0.648622639612818960,0.629327254686285030,0.769538217478900060,1.136771606733409900,21.042711,180405-1232 Saline Elite-25-2 3,Helium,,Elite-25,2,Saline,9,3,,0
0.193230431598310990,0.846780315547956960,3.145994916553399800,1.229370431253310000,0.648646618489285950,0.629256248398910030,0.769458126175400990,1.137070145284220000,21.038343,180405-1233 Saline Elite-25-2 4,Helium,,Elite-25,2,Saline,9,4,,0
0.193257655302762010,0.846800242756265980,3.152524049508600000,1.229364531371480100,0.648671401233798960,0.629335970260371020,0.769448680884625040,1.136753043904850100,21.033515,180405-1234 Saline Elite-25-2 5,Helium,,Elite-25,2,Saline,9,5,,0
0.193254615019418010,0.846854181398471020,3.140367441508579800,1.229402160218940000,0.648682964619689990,0.629348625012621010,0.769492209307002020,1.136994973774490000,21.028793,180405-1234 Saline Elite-25-2 6,Helium,,Elite-25,2,Saline,9,6,,0
0.193233188663053000,0.846818999923877990,3.137542113912170200,1.229471516653050100,0.648702597071516010,0.629376637609409980,0.769534604805669040,1.136843239545479900,21.023486,180405-1235 Saline Elite-25-2 7,Helium,,Elite-25,2,Saline,9,7,,0
0.193227353186514990,0.846764710897810020,3.134661627585479900,1.229480463188670000,0.648705476624415020,0.629398861124014000,0.769404150380312960,1.136924504528960000,21.018684,180405-1236 Saline Elite-25-2 8,Helium,,Elite-25,2,Saline,9,8,,0
0.193277868869548010,0.846784061848407040,3.134350745876239900,1.229497981788199900,0.648732274789864950,0.629437630774406950,0.769525045608450030,1.136919796932840000,21.014678,180405-1237 Saline Elite-25-2 9,Helium,,Elite-25,2,Saline,9,9,,0
0.193260172424946000,0.846790648482912970,3.137509314112940200,1.229574054495260000,0.648769632485645010,0.629445527748947020,0.769490549140601000,1.136751761648690000,21.009008,180405-1238 Saline Elite-25-2 10,Helium,,Elite-25,2,Saline,9,10,,0
0.193320731561045010,0.846764008450777040,3.132318068631950100,1.229638982355689900,0.648786377649592020,0.629489144485141040,0.769545964349425020,1.136689892256630000,21.004200,180405-1238 Saline Elite-25-2 11,Helium,,Elite-25,2,Saline,9,11,,0
0.193294246807824010,0.846750907147272970,3.139562251490549900,1.229667975377660000,0.648765104069240040,0.629517993244523950,0.769559521240075980,1.136804501718950100,20.998076,180405-1239 Saline Elite-25-2 12,Helium,,Elite-25,2,Saline,9,12,,0
0.193338746174758990,0.846739247724214050,3.144989943482039900,1.229727919839430000,0.648797109240766940,0.629492622420154020,0.769605783994039010,1.136955781702319900,20.992496,180405-1240 Saline Elite-25-2 13,Helium,,Elite-25,2,Saline,9,13,,0
0.193356154729111000,0.846669106218902010,3.143115970054150200,1.229757569993219900,0.648826601537414000,0.629540903221527000,0.769602893357987040,1.137054979085980100,20.986615,180405-1241 Saline Elite-25-2 14,Helium,,Elite-25,2,Saline,9,14,,0
0.193408921800746010,0.846736539399748020,3.152168718890980200,1.229753531639830000,0.648890662413928010,0.629586710021986960,0.769636772575965970,1.137073636061640000,20.978744,180405-1241 Saline Elite-25-2 15,Helium,,Elite-25,2,Saline,9,15,,0
0.193067425200301010,0.845729664829322990,3.153995136704649900,1.230205249343880000,0.648854066127944050,0.629515250045973970,0.769441009761258950,1.136888929546290100,20.905446,180405-1257 Saline Elite-26-2 1,Helium,,Elite-26,2,Saline,9,1,,0
0.193018695054189000,0.845784122823705960,0.000000000000000000,1.230208251117439900,0.648876420105672040,0.629519217625338020,0.769439986928819990,1.136319335789480100,20.901877,180405-1258 Saline Elite-26-2 2,Helium,,Elite-26,2,Saline,9,2,,0
0.193083367911274010,0.845839901204303970,3.143115466387300200,1.230221561163010100,0.648900588906967000,0.629515685212381990,0.769512212962640050,1.136255777045269900,20.898681,180405-1259 Saline Elite-26-2 3,Helium,,Elite-26,2,Saline,9,3,,0
0.193057363673253990,0.845847411302872000,3.136875475847789900,1.230200372542720000,0.648930971653447040,0.629550946824152020,0.769396813504955030,1.136434791780680100,20.896653,180405-1259 Saline Elite-26-2 4,Helium,,Elite-26,2,Saline,9,4,,0
0.193240678460126990,0.845936095872793950,3.144480189189990100,1.230215627902870000,0.648925993051095000,0.629546098234600950,0.769526244196008010,1.136153167901700100,20.894583,180405-1300 Saline Elite-26-2 5,Helium,,Elite-26,2,Saline,9,5,,0
0.193458173442873000,0.846209002013934010,3.138722730911109900,1.230501447608729900,0.649218093599885030,0.629860972803865990,0.769836174894658050,1.136653701193089900,20.892676,180405-1301 Saline Elite-26-2 6,Helium,,Elite-26,2,Saline,9,6,,0
0.193141095957568010,0.845939841692786020,3.141981515378089900,1.230194772183510000,0.648917911280032960,0.629525982594573040,0.769500713113293040,1.136435314068880100,20.891075,180405-1302 Saline Elite-26-2 7,Helium,,Elite-26,2,Saline,9,7,,0
0.193159655087072000,0.845935959672074020,3.157364435035260100,1.230155489778570000,0.648917838199451040,0.629534254169295980,0.769534414432214040,1.136506184561590000,20.889070,180405-1303 Saline Elite-26-2 8,Helium,,Elite-26,2,Saline,9,8,,0
0.193225761403729990,0.846007791558791020,3.142670505561730100,1.230243240372400000,0.648983739961987990,0.629599204793889980,0.769583971112695050,1.136501264054010000,20.887232,180405-1303 Saline Elite-26-2 9,Helium,,Elite-26,2,Saline,9,9,,0
0.193137553332584010,0.845889593572937030,3.148151702372199900,1.230166037657790100,0.648943866894425960,0.629575758129895970,0.769518707477586990,1.136031782908230000,20.884830,180405-1304 Saline Elite-26-2 10,Helium,,Elite-26,2,Saline,9,10,,0
0.193142603844074000,0.845859891885063050,3.138589457586579800,1.230220622793970000,0.648942864689903030,0.629603746362736970,0.769561586231640950,1.136293498072499900,20.881799,180405-1305 Saline Elite-26-2 11,Helium,,Elite-26,2,Saline,9,11,,0
0.193333612553262010,0.846028512942439970,3.140219363225929900,1.230450420405220000,0.649113708238841960,0.629753818210151970,0.769616140115464980,1.136507648802870000,20.879116,180405-1306 Saline Elite-26-2 12,Helium,,Elite-26,2,Saline,9,12,,0
0.193187981303205000,0.845962121927714030,3.139499194852410000,1.230302754878539900,0.648976646606483020,0.629659624800103960,0.769549118607055990,1.136282050506489900,20.875320,180405-1306 Saline Elite-26-2 13,Helium,,Elite-26,2,Saline,9,13,,0
0.193209193475542000,0.845867821977874020,3.149159495396129900,1.230363451856570000,0.649057801479986040,0.629679992041031980,0.769555993377442960,1.136228050305370100,20.872286,180405-1307 Saline Elite-26-2 14,Helium,,Elite-26,2,Saline,9,14,,0
0.193272600866921000,0.845954210537829040,3.147731597636299800,1.230362142701440000,0.649066049022507970,0.629701202051606960,0.769641416015780950,1.136575065731290100,20.869056,180405-1308 Saline Elite-26-2 15,Helium,,Elite-26,2,Saline,9,15,,0
0.193235499228687990,0.846653999309287970,3.145787790931589900,1.229111244979910000,0.648357609143983990,0.629031779865261040,0.769263473545257040,1.137308267243849900,21.049310,180405-1335 Saline Elite-27-2 1,Helium,,Elite-27,2,Saline,9,1,,0
0.193048607658897000,0.846518892838638020,3.151349545983570100,1.229115278227240100,0.648409288367230000,0.629004295016042050,0.769272364601041980,1.136529734120419900,21.042807,180405-1336 Saline Elite-27-2 2,Helium,,Elite-27,2,Saline,9,2,,0
0.193166202186211000,0.846583012553917990,0.000000000000000000,1.229187878939280100,0.648472642249680040,0.629064041870391000,0.769338336972641980,1.136536343544930000,21.035736,180405-1337 Saline Elite-27-2 3,Helium,,Elite-27,2,Saline,9,3,,0
0.193174275505468010,0.846597003667217020,3.136566880480560200,1.229267166975150000,0.648504646665604030,0.629125790221469970,0.769306582145975030,1.136820040422859900,21.028854,180405-1338 Saline Elite-27-2 4,Helium,,Elite-27,2,Saline,9,4,,0
0.193238699780244990,0.846608947332497030,3.138943890412119900,1.229337260755390100,0.648554838588194960,0.629166344409930020,0.769333212464044960,1.136721664825230100,21.022204,180405-1338 Saline Elite-27-2 5,Helium,,Elite-27,2,Saline,9,5,,0
0.193250426829972010,0.846626290039498960,3.141472297309229900,1.229379889046690000,0.648575222561788010,0.629199980154101950,0.769376158520233000,1.136559109737840000,21.015869,180405-1339 Saline Elite-27-2 6,Helium,,Elite-27,2,Saline,9,6,,0
0.193250635912912000,0.846567361336011960,3.144363606723449900,1.229404628518180100,0.648618439495816990,0.629212229708962960,0.769399226284772970,1.136620958963600000,21.008203,180405-1340 Saline Elite-27-2 7,Helium,,Elite-27,2,Saline,9,7,,0
0.193224242435879990,0.846506487450939040,3.144333996120209900,1.229434187763430100,0.648638099612097950,0.629259113890865970,0.769342732354641010,1.136824196033900100,21.001593,180405-1341 Saline Elite-27-2 8,Helium,,Elite-27,2,Saline,9,8,,0
0.193293035236397990,0.846648430505494990,3.143121007656669800,1.229583189632960100,0.648653871232107050,0.629260905001658990,0.769382850761207050,1.136667215100680000,20.995209,180405-1341 Saline Elite-27-2 9,Helium,,Elite-27,2,Saline,9,9,,0
0.193288756396563010,0.846550966030706010,3.147936781553839900,1.229607436893650000,0.648684545418647950,0.629321955042865030,0.769474566237104970,1.136583311191659900,20.988084,180405-1342 Saline Elite-27-2 10,Helium,,Elite-27,2,Saline,9,10,,0
0.193289751407674990,0.846485493638614030,3.144180406803459800,1.229614121742870000,0.648702163664828020,0.629348569153524990,0.769418340068209970,1.136676008558750000,20.982758,180405-1343 Saline Elite-27-2 11,Helium,,Elite-27,2,Saline,9,11,,0
0.193297015116660000,0.846474034627856970,3.144128938452449800,1.229680625618230000,0.648755862996971970,0.629392679191057010,0.769427040219334950,1.136586360512819900,20.976345,180405-1344 Saline Elite-27-2 12,Helium,,Elite-27,2,Saline,9,12,,0
0.193353323145925990,0.846544862269262950,3.133264542285350000,1.229768076428529900,0.648726754963344980,0.629416988426290010,0.769447088269265000,1.136614323863020000,20.970040,180405-1344 Saline Elite-27-2 13,Helium,,Elite-27,2,Saline,9,13,,0
0.193363099070951010,0.846564060494806040,3.154142397772219800,1.229763196462839900,0.648780170452317950,0.629437548068867980,0.769401636191891950,1.136707859270579900,20.963151,180405-1345 Saline Elite-27-2 14,Helium,,Elite-27,2,Saline,9,14,,0
0.193378660957510000,0.846576912227675950,3.134682879861149900,1.229849835402410100,0.648797667424060980,0.629449944201549980,0.769483715850414970,1.136530736042560100,20.955380,180405-1346 Saline Elite-27-2 15,Helium,,Elite-27,2,Saline,9,15,,0
0.193503080549797010,0.846003175311497050,3.148431306054409800,1.230987731900180100,0.649360997294190940,0.629977011352550020,0.769886988576799050,1.136857237678970100,20.863891,180405-1409 Saline Elite-28-2 1,Helium,,Elite-28,2,Saline,9,1,,0
0.193362958460352010,0.845929381489908040,3.144375047914159900,1.230851086100920100,0.649357921613324950,0.629950896289424020,0.769794161472991960,1.136414881283950100,20.865308,180405-1410 Saline Elite-28-2 2,Helium,,Elite-28,2,Saline,9,2,,0
0.193179325792145000,0.845749033183424980,3.131133671780229800,1.230729234574930100,0.649137362192310000,0.629721651727799040,0.769640048054228030,1.136144582529309900,20.865149,180405-1410 Saline Elite-28-2 3,Helium,,Elite-28,2,Saline,9,3,,0
0.193197463539431010,0.845778119478829970,3.138696583509890100,1.230665882966810000,0.649127179845280010,0.629716761148821020,0.769614238177725010,1.136277715612900000,20.865760,180405-1411 Saline Elite-28-2 4,Helium,,Elite-28,2,Saline,9,4,,0
0.193242105726056990,0.845846562640953040,3.135588650240530100,1.230668760300450000,0.649121048966490030,0.629726697615644040,0.769708878246410990,1.136224730038670100,20.865502,180405-1412 Saline Elite-28-2 5,Helium,,Elite-28,2,Saline,9,5,,0
0.193300712966515990,0.845867776821937030,3.138890303387329900,1.230714685633800000,0.649192071180039960,0.629786299996329960,0.769695056463256980,1.136425955070320000,20.864029,180405-1413 Saline Elite-28-2 6,Helium,,Elite-28,2,Saline,9,6,,0
0.193423096176037010,0.846036629743811000,0.000000000000000000,1.230871295887370000,0.649316450039987950,0.629905731285287040,0.769816812958147970,1.136353983696060100,20.863954,180405-1413 Saline Elite-28-2 7,Helium,,Elite-28,2,Saline,9,7,,0
0.193260531317805990,0.845874635040252950,3.133558669992099900,1.230699817532630000,0.649188332615481030,0.629792967697268000,0.769730775484576020,1.135968661520329900,20.863043,180405-1414 Saline Elite-28-2 8,Helium,,Elite-28,2,Saline,9,8,,0
0.193442571126953010,0.846021499517280010,3.146497921693820000,1.230788306060580000,0.649301193550588020,0.629880688785154020,0.769787928952844980,1.136533744339389900,20.861484,180405-1415 Saline Elite-28-2 9,Helium,,Elite-28,2,Saline,9,9,,0
0.193684236713557000,0.846237919761451020,3.147630561997150100,1.231034665404970000,0.649494582617485050,0.630136714631858050,0.770022196524956960,1.136471745286300000,20.859485,180405-1416 Saline Elite-28-2 10,Helium,,Elite-28,2,Saline,9,10,,0
0.193470569805490990,0.846087693576139000,3.138093616426279800,1.230998424242699900,0.649418898448051010,0.630110690355008000,0.769926663936225000,1.136507905036590000,20.856869,180405-1417 Saline Elite-28-2 11,Helium,,Elite-28,2,Saline,9,11,,0
0.193370358333576990,0.845899925287158960,3.139338715177800100,1.230795769339520000,0.649234322234709000,0.629905025545586030,0.769766330593200990,1.136274866384460000,20.855321,180405-1417 Saline Elite-28-2 12,Helium,,Elite-28,2,Saline,9,12,,0
0.193338821605734010,0.845895420623599010,3.136492495698040000,1.230866850066520100,0.649252587973762950,0.629874295685581950,0.769743783559818980,1.136361066153140000,20.852472,180405-1418 Saline Elite-28-2 13,Helium,,Elite-28,2,Saline,9,13,,0
0.193431919829259000,0.845964859310670000,3.142260431533689900,1.230918941533770000,0.649342243445029000,0.629966249370764950,0.769755043613309040,1.136416740186470000,20.850334,180405-1419 Saline Elite-28-2 14,Helium,,Elite-28,2,Saline,9,14,,0
0.193414369573602000,0.845915143524745950,3.142217457455830100,1.230920822720249900,0.649352547296318970,0.629975832321073010,0.769728140330858010,1.136270190369240000,20.848067,180405-1420 Saline Elite-28-2 15,Helium,,Elite-28,2,Saline,9,15,,0
0.193554968145081000,0.848205433648850040,3.142622313208539800,1.229011706713720100,0.648555235077343030,0.629303561078812020,0.769888764563540050,1.138729994474529900,21.187191,180405-1442 Saline Elite-29-2 1,Helium,,Elite-29,2,Saline,9,1,,0
0.193636334820144000,0.848308284626194010,3.135892592913709800,1.229194987113150000,0.648690150239222050,0.629432138642886050,0.769937280214822000,1.138240838418300000,21.172507,180405-1443 Saline Elite-29-2 2,Helium,,Elite-29,2,Saline,9,2,,0
0.193255236225656990,0.847818420644813050,3.142814704194520000,1.228973282796800100,0.648478056493513980,0.629166790953624040,0.769636189209691010,1.137899439812500000,21.158447,180405-1444 Saline Elite-29-2 3,Helium,,Elite-29,2,Saline,9,3,,0
0.193229471282533010,0.847699728991267000,3.150527977161560000,1.229044157165700000,0.648477980792477980,0.629170650635914040,0.769623233268280970,1.137915026361250100,21.143082,180405-1444 Saline Elite-29-2 4,Helium,,Elite-29,2,Saline,9,4,,0
0.193322396582186000,0.847716364344659020,3.155702411469469800,1.229136347948200000,0.648521997132556980,0.629200899758080020,0.769605601084366040,1.137911940449910100,21.127878,180405-1445 Saline Elite-29-2 5,Helium,,Elite-29,2,Saline,9,5,,0
0.193274275839588010,0.847570455505104010,3.144332337708460200,1.229251475160920000,0.648569731770936020,0.629227938699611020,0.769704406329847050,1.137821507723050000,21.111482,180405-1446 Saline Elite-29-2 6,Helium,,Elite-29,2,Saline,9,6,,0
0.193297845846684000,0.847649373579498990,3.145518219643360000,1.229343322280749900,0.648629831142494950,0.629307295133831990,0.769665732079014010,1.137849000819739900,21.097730,180405-1447 Saline Elite-29-2 7,Helium,,Elite-29,2,Saline,9,7,,0
0.193318241297075010,0.847561632156882960,3.141817776706179900,1.229393925150060100,0.648634040332199960,0.629339583336071980,0.769693858583276990,1.137602063431190100,21.084664,180405-1448 Saline Elite-29-2 8,Helium,,Elite-29,2,Saline,9,8,,0
0.193301654334067010,0.847476977165669050,3.138794405027229800,1.229502943449030100,0.648725718335710020,0.629380640355425960,0.769746024191692020,1.137560551670800100,21.071496,180405-1448 Saline Elite-29-2 9,Helium,,Elite-29,2,Saline,9,9,,0
0.193306535542837000,0.847393721038149030,3.153231484217970100,1.229611400003590000,0.648793917639187030,0.629472374259009040,0.769756527922120020,1.137590266746260100,21.059633,180405-1449 Saline Elite-29-2 10,Helium,,Elite-29,2,Saline,9,10,,0
0.193315778199068010,0.847327870275699000,3.141920153021500200,1.229703912403780100,0.648821228083573010,0.629485179098507990,0.769760315655263040,1.137618213493380100,21.047319,180405-1450 Saline Elite-29-2 11,Helium,,Elite-29,2,Saline,9,11,,0
0.193304032656716000,0.847330979966654960,3.135327933145589900,1.229793554309240000,0.648843559516432020,0.629513098490223970,0.769804281903863960,1.137251170978040000,21.036230,180405-1451 Saline Elite-29-2 12,Helium,,Elite-29,2,Saline,9,12,,0
0.193268126756616000,0.847221595810959020,3.148719997977610200,1.229881274030360000,0.648877163430272020,0.629569017196499050,0.769758708251702010,1.137484516631210000,21.024865,180405-1451 Saline Elite-29-2 13,Helium,,Elite-29,2,Saline,9,13,,0
0.193291590208949010,0.847141497629532950,3.135496950582230100,1.229986070411240000,0.648927606388656990,0.629630292382849950,0.769796047588930050,1.137372292368820100,21.013399,180405-1452 Saline Elite-29-2 14,Helium,,Elite-29,2,Saline,9,14,,0
0.193340113357925000,0.847161473034898970,3.135835263801960000,1.230078444217110000,0.648942940001855040,0.629653805095158000,0.769763076326428040,1.137311922447900000,21.002729,180405-1453 Saline Elite-29-2 15,Helium,,Elite-29,2,Saline,9,15,,0
0.194013256354567010,0.847614884903864050,3.141671194261709900,1.231060388449290100,0.649875850651375990,0.630483403228003000,0.770578546509288030,1.138416604360309900,20.999174,180405-1457 Saline Elite-30-2 1,Helium,,Elite-30,2,Saline,9,1,,0
0.193284585094622010,0.846953593013155980,3.143045797408019900,1.230506788693150000,0.649212309836315950,0.629853584879129010,0.770028117879329010,1.137328958640670100,20.987124,180405-1458 Saline Elite-30-2 2,Helium,,Elite-30,2,Saline,9,2,,0
0.193319022358392990,0.846884628353315020,3.147558910408390100,1.230512010727379900,0.649189497901324960,0.629866901629997030,0.769914816843505050,1.137397420418240000,20.975737,180405-1458 Saline Elite-30-2 3,Helium,,Elite-30,2,Saline,9,3,,0
0.193550252588780000,0.846967267412499950,3.153091541543520100,1.230706791035090000,0.649357732959848000,0.630079242980399970,0.770135360520852960,1.137645122003869900,20.966445,180405-1459 Saline Elite-30-2 4,Helium,,Elite-30,2,Saline,9,4,,0
0.193422485346924990,0.846949859567049050,3.140048771770649800,1.230655673710510100,0.649245663108276030,0.629907541314033040,0.769950592606930000,1.137119783316429900,20.956062,180405-1500 Saline Elite-30-2 5,Helium,,Elite-30,2,Saline,9,5,,0
0.193368452197547000,0.846816983624062990,3.142650400674400000,1.230690611933570100,0.649282203827617030,0.629968240893838960,0.770018982491277980,1.137400104187870100,20.947343,180405-1501 Saline Elite-30-2 6,Helium,,Elite-30,2,Saline,9,6,,0
0.193485329950647990,0.846860388985371970,3.139335127604990100,1.230807913708440000,0.649339790047413050,0.630008149713144010,0.770078265674250970,1.137197910591319900,20.940987,180405-1502 Saline Elite-30-2 7,Helium,,Elite-30,2,Saline,9,7,,0
0.193443401632139990,0.846753158720303990,3.147296360389010100,1.230772700355589900,0.649330705461583000,0.630004689262088970,0.770036977181330020,1.137065189199490100,20.936037,180405-1502 Saline Elite-30-2 8,Helium,,Elite-30,2,Saline,9,8,,0
0.193478285584971990,0.846986780330142960,3.137563586901309900,1.230887683106770100,0.649399481566500960,0.630069804660092990,0.770133910713507010,1.137426520366910100,20.932563,180405-1503 Saline Elite-30-2 9,Helium,,Elite-30,2,Saline,9,9,,0
0.193444629319342000,0.846923294586055970,3.141114831385200200,1.230916037574490100,0.649405511980620020,0.630099092310381970,0.770125143327725970,1.137472793348750100,20.928435,180405-1504 Saline Elite-30-2 10,Helium,,Elite-30,2,Saline,9,10,,0
0.193529948888844010,0.846895467119155980,3.147223981828379800,1.230936623775200000,0.649461422290982030,0.630133427601901050,0.770110662311645040,1.137538629262610000,20.923581,180405-1505 Saline Elite-30-2 11,Helium,,Elite-30,2,Saline,9,11,,0
0.193475142857530010,0.846922777613764000,3.141425743024119900,1.230953381295780000,0.649413816841210020,0.630123192200111040,0.770069412969399010,1.137230278926999900,20.917610,180405-1505 Saline Elite-30-2 12,Helium,,Elite-30,2,Saline,9,12,,0
0.194182019774089000,0.847474200246340010,3.139365108811889900,1.231590055975240000,0.650020907685786020,0.630718545979665040,0.770641296723429960,1.137753337089040000,20.912104,180405-1506 Saline Elite-30-2 13,Helium,,Elite-30,2,Saline,9,13,,0
0.193558779911159990,0.846812257578573040,3.146296103264819800,1.231065580569920000,0.649502547704088990,0.630177415071527030,0.770145893715871050,1.137261839057110100,20.905854,180405-1507 Saline Elite-30-2 14,Helium,,Elite-30,2,Saline,9,14,,0
0.193555555321722000,0.846789902028114990,3.148434192299370200,1.231129747102380100,0.649522536499212990,0.630239399550766020,0.770186865756862020,1.137137122598669900,20.899558,180405-1508 Saline Elite-30-2 15,Helium,,Elite-30,2,Saline,9,15,,0
0.193453856572445990,0.847738760029866030,3.139946270210100200,1.227533347286250000,0.647771810266860040,0.628480705952118020,0.769117917831653950,1.138266616958409900,21.289196,180405-1528 Saline Elite-31-2 1,Helium,,Elite-31,2,Saline,9,1,,0
0.193359367933281010,0.847922312898176990,3.138881034458710100,1.227637076964309900,0.647877659489337950,0.628600829945045960,0.769123728687458040,1.137496380273080000,21.264872,180405-1529 Saline Elite-31-2 2,Helium,,Elite-31,2,Saline,9,2,,0
0.193407602727284990,0.847497134565885050,3.150189756525440200,1.227757339394780000,0.647938985403491040,0.628643188318578020,0.769115050501530950,1.137302569948390100,21.243701,180405-1529 Saline Elite-31-2 3,Helium,,Elite-31,2,Saline,9,3,,0
0.193369949292702990,0.847749018389193030,3.134189047722890200,1.227887693984740100,0.648017738258506950,0.628724060053708960,0.769171991475170010,1.137607097066820000,21.223709,180405-1530 Saline Elite-31-2 4,Helium,,Elite-31,2,Saline,9,4,,0
0.193379559639264010,0.847166541059837020,3.144291388829090200,1.227976908099360100,0.648075228309852980,0.628747430437295970,0.769163709091312040,1.137717584623870100,21.206176,180405-1531 Saline Elite-31-2 5,Helium,,Elite-31,2,Saline,9,5,,0
0.193471191340787000,0.847567326102033000,3.129711917363660100,1.228077265674590000,0.648132983319826050,0.628848164808404000,0.769263783771445000,1.137405130507799900,21.188218,180405-1532 Saline Elite-31-2 6,Helium,,Elite-31,2,Saline,9,6,,0
0.193460711196916990,0.847437285615286970,3.148678775089989800,1.228230990753750100,0.648192299394464990,0.628928413986955980,0.769348097315191050,1.137553687226420000,21.170731,180405-1532 Saline Elite-31-2 7,Helium,,Elite-31,2,Saline,9,7,,0
0.193579758638612990,0.847458235214132990,3.140687693163870100,1.228450743886210000,0.648343355905194980,0.629017982366805950,0.769358070018539950,1.137704864414530000,21.153487,180405-1533 Saline Elite-31-2 8,Helium,,Elite-31,2,Saline,9,8,,0
0.193576882895170000,0.847215308532904050,3.140710499437100000,1.228572530214090000,0.648358505926767030,0.629090384959801960,0.769383946247364950,1.137213001395360100,21.138510,180405-1534 Saline Elite-31-2 9,Helium,,Elite-31,2,Saline,9,9,,0
0.193492191326319010,0.846884547226401050,0.000000000000000000,1.228731657905729900,0.648370970529924980,0.629072741390054980,0.769324046682057010,1.137373888161129900,21.120901,180405-1535 Saline Elite-31-2 10,Helium,,Elite-31,2,Saline,9,10,,0
0.193615230043826000,0.847152491434143950,3.147809821158380000,1.228698565397930100,0.648426923147934040,0.629117456049103960,0.769431182897757030,1.137396996615120100,21.101846,180405-1536 Saline Elite-31-2 11,Helium,,Elite-31,2,Saline,9,11,,0
0.193642299119103990,0.847230291088900020,3.139213118249600100,1.228773616300830000,0.648464373616923000,0.629242684822641010,0.769385537677021000,1.137374823659160100,21.084894,180405-1536 Saline Elite-31-2 12,Helium,,Elite-31,2,Saline,9,12,,0
0.193591806011624010,0.847135793266023950,3.144291285116170200,1.228951266188780000,0.648503579744008960,0.629189817735748000,0.769422585412034010,1.137162631880420000,21.069688,180405-1537 Saline Elite-31-2 13,Helium,,Elite-31,2,Saline,9,13,,0
0.193560477288743010,0.847125430845419030,3.145737895413140100,1.229133659895200100,0.648567211133697970,0.629283608746139980,0.769395940061265990,1.137317283687119900,21.054907,180405-1538 Saline Elite-31-2 14,Helium,,Elite-31,2,Saline,9,14,,0
0.193562198162729990,0.846941426171817000,3.129673878066370200,1.229171409676530000,0.648613018783928960,0.629359691384153040,0.769417137583903950,1.137070627731170000,21.040735,180405-1539 Saline Elite-31-2 15,Helium,,Elite-31,2,Saline,9,15,,0
0.193405200881983010,0.846922690676829020,0.000000000000000000,1.229087833331070000,0.648487179008187970,0.629245476908197990,0.769287199248285040,1.137079384164170000,21.043775,180405-1541 Saline Elite-32-2 1,Helium,,Elite-32,2,Saline,9,1,,0
0.193386183599775000,0.846702561341287960,3.142374926528340100,1.229168389291210000,0.648537590046674000,0.629243050958739000,0.769362527615487960,1.136357990215350000,21.027014,180405-1542 Saline Elite-32-2 2,Helium,,Elite-32,2,Saline,9,2,,0
0.193348779529752990,0.846534587896495050,3.145976835788950200,1.229246439086330000,0.648558517962939950,0.629300988422642040,0.769349889616317010,1.136226554524649900,21.013382,180405-1543 Saline Elite-32-2 3,Helium,,Elite-32,2,Saline,9,3,,0
0.193842200337302010,0.846926921289599010,3.140935577078530100,1.229733325186779900,0.649008336996911960,0.629765269867196050,0.769766814028631010,1.136938222966160000,21.001361,180405-1544 Saline Elite-32-2 4,Helium,,Elite-32,2,Saline,9,4,,0
0.193519824231715990,0.846680649488486980,3.141690974750280100,1.229509069594110000,0.648735765943363020,0.629486738396364040,0.769529705661905040,1.136428870260630000,20.989496,180405-1545 Saline Elite-32-2 5,Helium,,Elite-32,2,Saline,9,5,,0
0.193462609655475990,0.846395619633266040,3.139386058485380100,1.229540519718090000,0.648736427467309970,0.629443413273724990,0.769440769977293050,1.136510792733600000,20.978512,180405-1545 Saline Elite-32-2 6,Helium,,Elite-32,2,Saline,9,6,,0
0.193559292856159000,0.846497823242592040,3.136846944237270000,1.229619618110570100,0.648771145331957010,0.629484946194828980,0.769413735005139990,1.136663637309310000,20.967649,180405-1546 Saline Elite-32-2 7,Helium,,Elite-32,2,Saline,9,7,,0
0.193498300167199990,0.846244713973235970,3.148691347418759900,1.229635329797280000,0.648751275435847980,0.629485365308783960,0.769500472097715990,1.136371496039690000,20.957969,180405-1547 Saline Elite-32-2 8,Helium,,Elite-32,2,Saline,9,8,,0
0.193379787894168990,0.846002781310365990,0.000000000000000000,1.229708561484889900,0.648855652977969990,0.629548666119089990,0.769496010383067030,1.136124866576490000,20.943667,180405-1548 Saline Elite-32-2 10,Helium,,Elite-32,2,Saline,9,10,,0
0.193461864194960000,0.846392708961812960,3.131342952259830200,1.229714591972999900,0.648774714907710990,0.629517503632576970,0.769404024413190000,1.136635295408350100,20.950510,180405-1548 Saline Elite-32-2 9,Helium,,Elite-32,2,Saline,9,9,,0
0.193537787383367990,0.846265633666337000,3.139224486769510000,1.229773860793280000,0.648845876805426050,0.629602036206595050,0.769442652194266000,1.136626758539580000,20.937763,180405-1549 Saline Elite-32-2 11,Helium,,Elite-32,2,Saline,9,11,,0
0.193521353429749990,0.846303734897567050,3.142503000812189900,1.229807535294050100,0.648865533800877970,0.629600937221326040,0.769548404075494960,1.136417737728370000,20.931300,180405-1550 Saline Elite-32-2 12,Helium,,Elite-32,2,Saline,9,12,,0
0.193622815869935990,0.846361919976257980,3.135660430281660200,1.229855517325330000,0.648914471627018980,0.629604662489773980,0.769519765085397990,1.136437151122260000,20.924263,180405-1551 Saline Elite-32-2 13,Helium,,Elite-32,2,Saline,9,13,,0
0.193547692911382990,0.846262259292310030,3.136799754212700200,1.229939968744000000,0.648916652776993950,0.629695559056163030,0.769465664784187990,1.136472517235130000,20.916357,180405-1552 Saline Elite-32-2 14,Helium,,Elite-32,2,Saline,9,14,,0
0.193502667359232990,0.846237042030183020,3.135152997868949900,1.230042257547870000,0.648933918866761990,0.629673437718156980,0.769561570510312040,1.135972124273040100,20.907573,180405-1552 Saline Elite-32-2 15,Helium,,Elite-32,2,Saline,9,15,,0
0.193271697783729990,0.848483520527944960,3.142617155187799900,1.227982150597549900,0.647925162182383050,0.628703308367865030,0.769428075569667970,1.138945490071420000,21.285809,180406-0843 Saline Elite-33-2 1,Helium,,Elite-33,2,Saline,9,1,,0
0.193175789653308010,0.848392990411691030,3.143973758983460000,1.227906233782630100,0.647946885604701040,0.628634466585521020,0.769505606835647950,1.138323490913929900,21.280440,180406-0844 Saline Elite-33-2 2,Helium,,Elite-33,2,Saline,9,2,,0
0.193194744152840990,0.848456405947482950,3.134904722958970200,1.227957955311620000,0.648012054868333020,0.628687743840818050,0.769665655204099020,1.138258783910160100,21.275024,180406-0845 Saline Elite-33-2 3,Helium,,Elite-33,2,Saline,9,3,,0
0.193220382138468010,0.848545806626201050,3.142354344251720100,1.227993457244990000,0.648035109618175010,0.628774620615714990,0.769591708475552030,1.138323839702829900,21.269315,180406-0846 Saline Elite-33-2 4,Helium,,Elite-33,2,Saline,9,4,,0
0.193307637342711000,0.848546290241589010,3.149308036631679900,1.228039727653859900,0.648059330086736000,0.628772033547309040,0.769687045149982980,1.138450178135979900,21.263573,180406-0846 Saline Elite-33-2 5,Helium,,Elite-33,2,Saline,9,5,,0
0.193274991904248990,0.848586699568731010,3.157927665210849900,1.228102777348840000,0.648091981593703960,0.628817994100513980,0.769598131330256010,1.138328062066390000,21.257910,180406-0847 Saline Elite-33-2 6,Helium,,Elite-33,2,Saline,9,6,,0
0.193315312774441000,0.848574122688076970,3.144451841103370200,1.228151029443530100,0.648111707828352030,0.628821895610641950,0.769587246480068040,1.138343115062129900,21.251747,180406-0848 Saline Elite-33-2 7,Helium,,Elite-33,2,Saline,9,7,,0
0.193284443022039010,0.848513176342545970,3.148697803183070100,1.228181866436190100,0.648135873725788960,0.628869499536668040,0.769568507948419020,1.138176542070920000,21.246026,180406-0849 Saline Elite-33-2 8,Helium,,Elite-33,2,Saline,9,8,,0
0.193303218116691990,0.848522675439204010,3.147294682348880100,1.228290769403650000,0.648160574277838020,0.628884215149983050,0.769582472484282020,1.138269473494059900,21.235116,180406-0850 Saline Elite-33-2 10,Helium,,Elite-33,2,Saline,9,10,,0
0.193259642235731000,0.848495682555020950,3.145716748829440000,1.228258934519689900,0.648178418017987030,0.628909302740406020,0.769585403678252010,1.138203542983700100,21.239795,180406-0850 Saline Elite-33-2 9,Helium,,Elite-33,2,Saline,9,9,,0
0.193263511620568010,0.848445892894138960,3.147040546735779800,1.228334284387480000,0.648206836420653020,0.628985306387736980,0.769556571054731960,1.138414777064650000,21.229923,180406-0851 Saline Elite-33-2 11,Helium,,Elite-33,2,Saline,9,11,,0
0.193316651549478000,0.848544150494991990,3.141477046493100100,1.228369212517490100,0.648221420274701980,0.628973653826819020,0.769613885093144990,1.138345099569330100,21.223944,180406-0852 Saline Elite-33-2 12,Helium,,Elite-33,2,Saline,9,12,,0
0.193283625389926990,0.848480116795320980,3.153426357211119900,1.228428580329300000,0.648216104099239020,0.628993109298593980,0.769592694860187000,1.138300497502569900,21.219084,180406-0853 Saline Elite-33-2 13,Helium,,Elite-33,2,Saline,9,13,,0
0.193286979029040990,0.848367002460819970,3.140006027937170000,1.228445429666700000,0.648275134983251950,0.629013355606956040,0.769572537870603980,1.138091285441180000,21.214060,180406-0853 Saline Elite-33-2 14,Helium,,Elite-33,2,Saline,9,14,,0
0.193314276736191000,0.848417886320603000,3.150009977216340100,1.228505898328210000,0.648298169980429000,0.629032682444073950,0.769562068193869960,1.138253938938010000,21.208397,180406-0854 Saline Elite-33-2 15,Helium,,Elite-33,2,Saline,9,15,,0
0.193453937748658990,0.848118525612336030,3.134636248843329900,1.228996139003929900,0.648547435619583950,0.629223321923425010,0.769917919327113950,1.138153032323250000,21.161719,180406-0903 Saline Elite-34-2 3,Helium,,Elite-34,2,Saline,9,3,,0
0.193447199983047990,0.848069188161773010,3.140515728119610100,1.228968890074080100,0.648554007836331990,0.629236810453106980,0.769867464415959990,1.138007765574299900,21.156804,180406-0904 Saline Elite-34-2 4,Helium,,Elite-34,2,Saline,9,4,,0
0.193914658408077010,0.848502519526171950,3.151151231819119900,1.229540121922760000,0.649152598093973960,0.629822875290927950,0.770386427656183040,1.138451525559329900,21.151286,180406-0905 Saline Elite-34-2 5,Helium,,Elite-34,2,Saline,9,5,,0
0.193340544384617010,0.847994776675759950,3.143432072759340100,1.228975419329690000,0.648467222369528030,0.629215894501894970,0.769767460063852990,1.137992204008080100,21.146989,180406-0905 Saline Elite-34-2 6,Helium,,Elite-34,2,Saline,9,6,,0
0.193316115080732990,0.847936822672342050,3.156884545092580200,1.228949291188840000,0.648498868383133980,0.629183759994854990,0.769728611435827050,1.137879918146980100,21.142940,180406-0906 Saline Elite-34-2 7,Helium,,Elite-34,2,Saline,9,7,,0
0.193293641205688010,0.847907850059559040,3.139912476935649900,1.228970149172810000,0.648542239728056020,0.629228336509910950,0.769755653133446960,1.137855165145780000,21.139468,180406-0907 Saline Elite-34-2 8,Helium,,Elite-34,2,Saline,9,8,,0
0.193356589927201010,0.847963879853467000,3.141077426191460000,1.229078269010069900,0.648541472626640970,0.629271070481215000,0.769779035043807960,1.137924304398820100,21.128900,180406-0908 Saline Elite-34-2 10,Helium,,Elite-34,2,Saline,9,10,,0
0.193383094739803000,0.847984191411183970,3.139185910721039800,1.229037889915739900,0.648541580787272980,0.629257364812725980,0.769849601644624020,1.137984792826420000,21.134692,180406-0908 Saline Elite-34-2 9,Helium,,Elite-34,2,Saline,9,9,,0
0.193291058718486010,0.847843188176587990,3.151485655142479900,1.229113471588710000,0.648560390755618000,0.629281765986434040,0.769802935409131030,1.137811548759829900,21.122910,180406-0909 Saline Elite-34-2 11,Helium,,Elite-34,2,Saline,9,11,,0
0.193468577963678000,0.848062585090643030,3.140813563948550200,1.229203592710600000,0.648675866168349050,0.629401716707983950,0.769918852059326970,1.137915873242900000,21.118376,180406-0910 Saline Elite-34-2 12,Helium,,Elite-34,2,Saline,9,12,,0
0.193624954618552000,0.848153988050070030,3.138771648315359800,1.229394346748800000,0.648857339518309040,0.629510999275567970,0.770037193304143000,1.138003300311190000,21.114849,180406-0911 Saline Elite-34-2 13,Helium,,Elite-34,2,Saline,9,13,,0
0.193611418802980000,0.848071624966507010,3.150329781648849800,1.229465029821920100,0.648866779762503950,0.629557758613874970,0.769927618792619950,1.138059803967330000,21.110406,180406-0912 Saline Elite-34-2 14,Helium,,Elite-34,2,Saline,9,14,,0
0.193541855223422990,0.847987898346137970,3.146306684252280200,1.229481625616990000,0.648894653161688040,0.629597431813456950,0.769953681233133010,1.138309842325909900,21.106647,180406-0912 Saline Elite-34-2 15,Helium,,Elite-34,2,Saline,9,15,,0
0.193260318888031000,0.847371818270664990,3.146241273952910000,1.227914805145599900,0.647854212221565030,0.628573756679099980,0.768978594890852960,1.137076777138120100,21.163133,180406-1012 Saline Elite-35-2 2,Helium,,Elite-35,2,Saline,9,2,,0
0.193292906256784000,0.847450297861448990,3.138742899569209900,1.227929363619230100,0.647885181037038960,0.628593139062789020,0.769123651370097970,1.137133436962570100,21.161875,180406-1013 Saline Elite-35-2 3,Helium,,Elite-35,2,Saline,9,3,,0
0.193364178630259010,0.847503030935000010,3.152070804719469900,1.227968168439770100,0.647955255264578980,0.628697192714974040,0.769093809702729000,1.137208496317530000,21.160481,180406-1014 Saline Elite-35-2 4,Helium,,Elite-35,2,Saline,9,4,,0
0.193303197502078000,0.847512339686841030,3.151156399883920000,1.227963884912240100,0.647930968987839970,0.628642024439561960,0.768989455588858010,1.137252158812050100,21.157573,180406-1015 Saline Elite-35-2 5,Helium,,Elite-35,2,Saline,9,5,,0
0.193360046842067010,0.847519595061575040,3.144168483705799900,1.227924346772989900,0.647925860113986010,0.628661037085998960,0.769006934358671960,1.137072232369750000,21.155732,180406-1015 Saline Elite-35-2 6,Helium,,Elite-35,2,Saline,9,6,,0
0.193409510920041990,0.847528261940347030,3.139047864661499900,1.228003238532020100,0.647950489556547990,0.628672772290878030,0.769116103696033000,1.137324204554430100,21.151773,180406-1017 Saline Elite-35-2 8,Helium,,Elite-35,2,Saline,9,8,,0
0.193359556085372000,0.847567164927589990,3.145593353946260200,1.228010981247019900,0.647989361965972010,0.628731001583376030,0.769033331852927990,1.137222619339260100,21.149109,180406-1018 Saline Elite-35-2 9,Helium,,Elite-35,2,Saline,9,9,,0
0.193409325083064990,0.847577744129406010,3.146835428091780100,1.228026634517070100,0.647983059804731030,0.628710913518543020,0.769131115612794010,1.137034465207420000,21.146295,180406-1019 Saline Elite-35-2 10,Helium,,Elite-35,2,Saline,9,10,,0
0.193373111096953990,0.847532284919534030,3.140064212346790100,1.228076781629380100,0.647988726781593030,0.628778399744541970,0.769127798089748960,1.137067506050200000,21.144514,180406-1019 Saline Elite-35-2 11,Helium,,Elite-35,2,Saline,9,11,,0
0.193320913546251000,0.847503468416451970,3.141832954611509800,1.228044049276140000,0.648002604975588040,0.628736623649008950,0.769124728615191990,1.137115818206540000,21.141512,180406-1020 Saline Elite-35-2 12,Helium,,Elite-35,2,Saline,9,12,,0
0.193222688076501000,0.847433545439158050,3.150963558138330200,1.228054484783540000,0.647984544255048030,0.628723102931132980,0.769131415984683040,1.137089695504500000,21.140678,180406-1021 Saline Elite-35-2 13,Helium,,Elite-35,2,Saline,9,13,,0
0.193258910783781990,0.847412864032481950,3.134785271898529800,1.228077739153689900,0.648007981361581000,0.628722662569496050,0.769126335069263980,1.136994910702130000,21.139433,180406-1022 Saline Elite-35-2 14,Helium,,Elite-35,2,Saline,9,14,,0
0.193340796912438990,0.847561928389915950,3.137231188068450000,1.228139594042880100,0.648005648556486010,0.628779787984678040,0.769194781624851000,1.137069215851320000,21.136954,180406-1023 Saline Elite-35-2 15,Helium,,Elite-35,2,Saline,9,15,,0
0.193215129481432990,0.846880858659707970,3.148039438213409800,1.228450703058499900,0.648042981646730020,0.628797780889677970,0.769084915219097050,1.137506594892470100,21.089347,180406-1040 Saline Elite-36-2 1,Helium,,Elite-36,2,Saline,9,1,,0
0.193225749810688990,0.847082083016261980,3.140504185595580200,1.228510900401369900,0.648154742975670990,0.628859137165058040,0.769123879809904040,1.136911286383949900,21.090995,180406-1040 Saline Elite-36-2 2,Helium,,Elite-36,2,Saline,9,2,,0
0.193434935146208990,0.847197845732454050,3.148007905358470200,1.228598055095830000,0.648286516741071960,0.628948608453885010,0.769282951365763970,1.136989452381560000,21.091312,180406-1041 Saline Elite-36-2 3,Helium,,Elite-36,2,Saline,9,3,,0
0.193128041224994000,0.847035240309619960,3.138946120761970000,1.228375900747910000,0.648065841404846020,0.628766497280026980,0.769096797981073000,1.136974189791349900,21.092060,180406-1042 Saline Elite-36-2 4,Helium,,Elite-36,2,Saline,9,4,,0
0.193268935585833000,0.847135964052713960,3.154257473039320000,1.228437016396150000,0.648127425931743000,0.628803140413558000,0.769134300208830000,1.136829456065600000,21.092634,180406-1043 Saline Elite-36-2 5,Helium,,Elite-36,2,Saline,9,5,,0
0.193390109922936010,0.847310267774824990,3.143392400405169900,1.228645190101110000,0.648366801641498960,0.629060101169947040,0.769306964593127970,1.137071219791530000,21.092514,180406-1044 Saline Elite-36-2 6,Helium,,Elite-36,2,Saline,9,6,,0
0.193128578288090990,0.847100353508443040,3.133245931220840100,1.228424889977940000,0.648108841344626980,0.628791849946337970,0.769076560226067960,1.136920219240739900,21.093965,180406-1044 Saline Elite-36-2 7,Helium,,Elite-36,2,Saline,9,7,,0
0.193221782098010000,0.847120376679292960,3.146838779113640100,1.228423320826640000,0.648140633286421020,0.628840689243883030,0.769162135826824020,1.136738475912550100,21.094567,180406-1045 Saline Elite-36-2 8,Helium,,Elite-36,2,Saline,9,8,,0
0.193296937452966000,0.847178085967796980,0.000000000000000000,1.228460077276800000,0.648168865736902020,0.628859049156044960,0.769103356911893020,1.137015590818970100,21.092372,180406-1046 Saline Elite-36-2 9,Helium,,Elite-36,2,Saline,9,9,,0
0.193286987125237010,0.847167247020207960,3.147900315932650200,1.228472518841370100,0.648197278535603050,0.628918201173064960,0.769237319525955980,1.137059047567869900,21.092747,180406-1047 Saline Elite-36-2 10,Helium,,Elite-36,2,Saline,9,10,,0
0.193272733797688000,0.847149216420809980,3.143213139688460200,1.228504248996179900,0.648191666887332980,0.628851421657018020,0.769120924488141950,1.136873308558500100,21.091348,180406-1047 Saline Elite-36-2 11,Helium,,Elite-36,2,Saline,9,11,,0
0.193263304223391000,0.847203664648102040,3.141594264713179800,1.228459846621800000,0.648163265334782970,0.628886696764058950,0.769170740478576030,1.136905972351270000,21.090155,180406-1048 Saline Elite-36-2 12,Helium,,Elite-36,2,Saline,9,12,,0
0.193256264613971000,0.847215501537824990,3.152801090567070000,1.228474169596730100,0.648158250423690020,0.628859131930294970,0.769169743548745010,1.136847453905830000,21.090071,180406-1049 Saline Elite-36-2 13,Helium,,Elite-36,2,Saline,9,13,,0
0.193247479076994990,0.847155444078823040,3.140786176622520000,1.228454664028330000,0.648172021303343950,0.628879411944913040,0.769146431824959010,1.136800747849509900,21.089239,180406-1050 Saline Elite-36-2 14,Helium,,Elite-36,2,Saline,9,14,,0
0.193365844838908010,0.847256146826854020,3.141817556278189800,1.228542186036420100,0.648218500494544990,0.628971376458748010,0.769248501968604950,1.136920095060870000,21.089445,180406-1051 Saline Elite-36-2 15,Helium,,Elite-36,2,Saline,9,15,,0
0.193910592074319990,0.848823663834763040,3.151192736848210000,1.228455043457080000,0.648455679383132980,0.629222999687398030,0.769854023565598950,1.139121457688919900,21.233398,180406-1108 Saline Elite-37-2 1,Helium,,Elite-37,2,Saline,9,1,,0
0.193796814103206010,0.848853166891227030,3.148528494245320000,1.228597655965149900,0.648549971071575970,0.629241299093989960,0.769795998159247040,1.138370168462129900,21.225726,180406-1109 Saline Elite-37-2 2,Helium,,Elite-37,2,Saline,9,2,,0
0.193717900304642000,0.848804550079212960,3.148245247501800100,1.228619966245519900,0.648531773703818980,0.629261963128775030,0.769864393699577040,1.138487821751420000,21.218690,180406-1110 Saline Elite-37-2 3,Helium,,Elite-37,2,Saline,9,3,,0
0.193829724254820010,0.848884631846491990,3.145647167799130000,1.228639164813170000,0.648583430980714030,0.629330676353074050,0.769815104551716980,1.138576614013290000,21.211366,180406-1110 Saline Elite-37-2 4,Helium,,Elite-37,2,Saline,9,4,,0
0.193932865992461010,0.848899505262177940,3.144667072025519900,1.228660970832389900,0.648634436629042970,0.629376034393903990,0.769874453294930980,1.138053164837999900,21.204097,180406-1111 Saline Elite-37-2 5,Helium,,Elite-37,2,Saline,9,5,,0
0.193808499324909010,0.848825815298213990,3.155874247499200100,1.228663127482450000,0.648595949056378960,0.629367918215256950,0.769842048485682050,1.138212784701319900,21.196866,180406-1112 Saline Elite-37-2 6,Helium,,Elite-37,2,Saline,9,6,,0
0.193779813340214990,0.848733330013168970,3.140772000149549800,1.228707251653349900,0.648616537328218000,0.629332351362654970,0.769872393947363950,1.138418327903740100,21.190716,180406-1113 Saline Elite-37-2 7,Helium,,Elite-37,2,Saline,9,7,,0
0.193792674274457010,0.848715330949020960,3.138725545917080000,1.228795991209709900,0.648685502085772030,0.629392639379439010,0.769907826217174020,1.138098960063850000,21.185537,180406-1114 Saline Elite-37-2 8,Helium,,Elite-37,2,Saline,9,8,,0
0.193838096020986010,0.848761699095494040,3.142419551306950200,1.228858844189119900,0.648704565216058020,0.629404759037694990,0.769899213697375020,1.138190491500930000,21.179104,180406-1114 Saline Elite-37-2 9,Helium,,Elite-37,2,Saline,9,9,,0
0.193928720783617000,0.848776161603399970,3.140435626273959900,1.228923219775460000,0.648754414711236960,0.629461490793832960,0.769954658401755030,1.138425441916959900,21.173940,180406-1115 Saline Elite-37-2 10,Helium,,Elite-37,2,Saline,9,10,,0
0.193941366522495000,0.848770520846579000,3.136325555162749800,1.228951127219279900,0.648728822085857030,0.629470375657789960,0.769881595780138040,1.138202346227690000,21.168224,180406-1116 Saline Elite-37-2 11,Helium,,Elite-37,2,Saline,9,11,,0
0.193802663506524000,0.848623199885364050,0.000000000000000000,1.228944010457609900,0.648714394865031020,0.629479657278941950,0.769883172541599990,1.138161963362660100,21.164360,180406-1117 Saline Elite-37-2 12,Helium,,Elite-37,2,Saline,9,12,,0
0.193836225564232990,0.848727462016190980,3.145720270100480100,1.228991350339210000,0.648780332903211020,0.629526491178743040,0.769900949987260000,1.138273605901620100,21.158716,180406-1117 Saline Elite-37-2 13,Helium,,Elite-37,2,Saline,9,13,,0
0.193949196737897010,0.848784913401286030,3.147738332643020200,1.229061172690969900,0.648808867956793050,0.629529565568260010,0.769942164186383950,1.138234722911990000,21.153061,180406-1118 Saline Elite-37-2 14,Helium,,Elite-37,2,Saline,9,14,,0
0.193840513886016000,0.848600563163133040,3.142019577393150100,1.229055218232810100,0.648792462417804970,0.629544260121207010,0.769880300167118950,1.138368463947599900,21.149317,180406-1119 Saline Elite-37-2 15,Helium,,Elite-37,2,Saline,9,15,,0
0.193838868709173000,0.848152175729732010,3.135744601160070000,1.229152354542260000,0.648711327892357970,0.629456420795210030,0.769867559059194020,1.138761091610589900,21.141810,180406-1432 Saline Elite-37-2 1,Helium,,Elite-37,2,Saline,9,1,,0
0.193583541356668000,0.848043356663622960,3.136488683626100100,1.229115596319500000,0.648690910295706020,0.629403699834181980,0.769856767465356030,1.137868414660850000,21.133614,180406-1433 Saline Elite-37-2 2,Helium,,Elite-37,2,Saline,9,2,,0
0.193544772888221000,0.847981251492107010,3.143331466245749900,1.229100535720030000,0.648684750052115010,0.629366157078830040,0.769773396801780030,1.137938712879039900,21.125724,180406-1434 Saline Elite-37-2 3,Helium,,Elite-37,2,Saline,9,3,,0
0.193718333097072010,0.848156008080766970,3.138818039427770000,1.229180026759300000,0.648783876948518020,0.629492924708973000,0.769821860607686980,1.137950884579130000,21.120129,180406-1435 Saline Elite-37-2 4,Helium,,Elite-37,2,Saline,9,4,,0
0.193652905702980990,0.848069128297516020,3.143378017795800200,1.229188655568890000,0.648743331013308060,0.629484571002781990,0.769806354149250030,1.138136765295489900,21.115289,180406-1436 Saline Elite-37-2 5,Helium,,Elite-37,2,Saline,9,5,,0
0.193736123251986000,0.848102691220668950,3.151813593149539900,1.229254662455090000,0.648855572370556020,0.629515160514152020,0.769854395634001040,1.138013694602509900,21.110666,180406-1436 Saline Elite-37-2 6,Helium,,Elite-37,2,Saline,9,6,,0
0.193810036615258000,0.848165685486832020,3.148752961336910100,1.229291876549029900,0.648820076878588000,0.629523531379650000,0.769920879763585030,1.137894358923180000,21.107232,180406-1437 Saline Elite-37-2 7,Helium,,Elite-37,2,Saline,9,7,,0
0.193683633158828000,0.848106837445228970,3.140768342759700200,1.229290778765020000,0.648828546563827050,0.629522777479923020,0.769863447727474950,1.137989418294530000,21.104390,180406-1438 Saline Elite-37-2 8,Helium,,Elite-37,2,Saline,9,8,,0
0.193900268657270000,0.848277849724107020,3.146367278699170100,1.229493676386459900,0.649019646458831030,0.629695185115582980,0.770064143459329050,1.138042236458530100,21.098844,180406-1439 Saline Elite-37-2 10,Helium,,Elite-37,2,Saline,9,10,,0
0.193896296433087010,0.848234988337170040,3.139868416350460200,1.229422217793380000,0.648956378890223950,0.629680906695835980,0.770046423251367960,1.138079832351680100,21.101497,180406-1439 Saline Elite-37-2 9,Helium,,Elite-37,2,Saline,9,9,,0
0.193869363610832010,0.848197949136103020,3.148217305798509900,1.229469123590930100,0.649004535749500010,0.629691756397108950,0.770077843369306960,1.137753134273930000,21.096535,180406-1440 Saline Elite-37-2 11,Helium,,Elite-37,2,Saline,9,11,,0
0.193867463856012000,0.848178169831951050,3.132162128895359800,1.229464690759990000,0.648960330815282040,0.629633511173245950,0.769970246407077010,1.137814955653130100,21.094460,180406-1441 Saline Elite-37-2 12,Helium,,Elite-37,2,Saline,9,12,,0
0.193705097636703990,0.848051796847792970,3.146596565701139900,1.229447707438590100,0.648904598255616970,0.629624923210019950,0.769941227122424960,1.137847109222070100,21.093188,180406-1442 Saline Elite-37-2 13,Helium,,Elite-37,2,Saline,9,13,,0
0.194047859309538000,0.848375471621581000,3.147486509059400200,1.229654980998280000,0.649179614359269960,0.629852752609725950,0.770209394058298020,1.138117816292689900,21.090675,180406-1443 Saline Elite-37-2 14,Helium,,Elite-37,2,Saline,9,14,,0
0.193767496837223000,0.848052331647808020,3.150489155707489900,1.229440464721780000,0.648916525897006990,0.629658728342799010,0.769946714517030010,1.137930482267740100,21.088257,180406-1443 Saline Elite-37-2 15,Helium,,Elite-37,2,Saline,9,15,,0
0.195051924465999000,0.849423447160904010,3.142708165613810100,1.230181210623610100,0.649827580442776000,0.630593907582541970,0.771141162656219010,1.139921537535470100,21.140522,180406-1125 Saline Elite-38-2 1,Helium,,Elite-38,2,Saline,9,1,,0
0.194768305534992000,0.849217492338446010,3.141602396143190000,1.230111264171549900,0.649678257419714970,0.630394334182447950,0.770948780599629010,1.138945092782359900,21.131973,180406-1126 Saline Elite-38-2 2,Helium,,Elite-38,2,Saline,9,2,,0
0.195022417751618990,0.849430555009869970,3.148033443607260100,1.230508366932110000,0.650197437237053030,0.630964226467639060,0.771455778434605000,1.139361700437490100,21.124877,180406-1126 Saline Elite-38-2 3,Helium,,Elite-38,2,Saline,9,3,,0
0.195161524043530990,0.849575926026692960,3.158014188739080000,1.230597136123760000,0.650212148542799960,0.630956883632707970,0.771517497518967030,1.139400772289040000,21.119802,180406-1127 Saline Elite-38-2 4,Helium,,Elite-38,2,Saline,9,4,,0
0.194999169390377010,0.849364136453807040,3.154851566026600100,1.230392481302859900,0.650035904024257040,0.630754532971758990,0.771324451332743970,1.139376420968220000,21.115072,180406-1128 Saline Elite-38-2 5,Helium,,Elite-38,2,Saline,9,5,,0
0.194877911159588000,0.849196190561113950,3.142311298041370100,1.230273236458000000,0.649818403491378980,0.630545675160292030,0.771040392171891020,1.138941723273920100,21.111841,180406-1129 Saline Elite-38-2 6,Helium,,Elite-38,2,Saline,9,6,,0
0.194873887234084000,0.849187882641701970,3.145291691568870000,1.230280640009500100,0.649879577779086000,0.630604868580026960,0.771100896299798060,1.139153298450509900,21.108316,180406-1129 Saline Elite-38-2 7,Helium,,Elite-38,2,Saline,9,7,,0
0.194889928321969000,0.849233916577382010,3.151860493942710000,1.230299146175490000,0.649860642351002050,0.630557117053695990,0.770960248706879960,1.138946839322930100,21.104963,180406-1130 Saline Elite-38-2 8,Helium,,Elite-38,2,Saline,9,8,,0
0.194946906763422990,0.849271167873038020,3.146729535211620000,1.230415409364169900,0.649989788535741960,0.630694355631146950,0.771148008819749990,1.139185903288630000,21.101102,180406-1131 Saline Elite-38-2 9,Helium,,Elite-38,2,Saline,9,9,,0
0.194929417051444010,0.849277563835221020,3.141882091584870200,1.230380572036520000,0.649930475714244000,0.630651418354967960,0.771093006159120020,1.139176317559289900,21.098844,180406-1132 Saline Elite-38-2 10,Helium,,Elite-38,2,Saline,9,10,,0
0.194933984209957000,0.849247873976351040,3.149653207526450100,1.230343263890419900,0.649902486873592980,0.630636728552225970,0.771093621978372950,1.139217366246430000,21.096955,180406-1133 Saline Elite-38-2 11,Helium,,Elite-38,2,Saline,9,11,,0
0.195035983152839990,0.849372987794593030,3.134087500529700000,1.230596504208510100,0.650127293319391010,0.630895265889453990,0.771279471500120990,1.139065154288690000,21.093819,180406-1133 Saline Elite-38-2 12,Helium,,Elite-38,2,Saline,9,12,,0
0.195010530323658000,0.849320791646850040,3.143319755394979900,1.230541092812089900,0.650068850265085980,0.630818739240449950,0.771143257390937030,1.139284545738170000,21.091326,180406-1134 Saline Elite-38-2 13,Helium,,Elite-38,2,Saline,9,13,,0
0.195054058472381000,0.849306409015459950,0.000000000000000000,1.230568168188930000,0.650047044420222990,0.630759687790312000,0.771154976879721010,1.138872065600349900,21.090119,180406-1135 Saline Elite-38-2 14,Helium,,Elite-38,2,Saline,9,14,,0
0.194866410204118990,0.849121541716205020,3.154513857782020200,1.230477101307510000,0.649934758709941000,0.630675000604027040,0.771130102379878000,1.138667891345650100,21.087374,180406-1136 Saline Elite-38-2 15,Helium,,Elite-38,2,Saline,9,15,,0
0.194918491437997000,0.849847753073457950,3.143534502725149800,1.229503926683940000,0.649654337758077020,0.630419354041524050,0.771084780123207030,1.139865325027970000,21.217334,180406-1414 Saline Elite-38-2 1,Helium,,Elite-38,2,Saline,9,1,,0
0.194984091836273990,0.849757311502644000,3.141899172299920100,1.229562753916640000,0.649631064753215970,0.630407044986222020,0.771015599764753980,1.139561139224960100,21.214231,180406-1414 Saline Elite-38-2 2,Helium,,Elite-38,2,Saline,9,2,,0
0.194967728804989000,0.849814499875443000,3.138640416276150100,1.229798539501439900,0.649914722347313960,0.630661862476050050,0.771314954321613010,1.139514629233510100,21.210265,180406-1415 Saline Elite-38-2 3,Helium,,Elite-38,2,Saline,9,3,,0
0.195228677205925990,0.850119215925397960,3.157704410180330000,1.230146302278950100,0.650205593966500020,0.630940766359517010,0.771452405578162970,1.139819697660080100,21.204999,180406-1416 Saline Elite-38-2 4,Helium,,Elite-38,2,Saline,9,4,,0
0.194903473391055990,0.849677498869592980,3.139418713889010200,1.229640051880589900,0.649743675330095030,0.630531812308318010,0.771122347888834050,1.139672576293129900,21.200359,180406-1417 Saline Elite-38-2 5,Helium,,Elite-38,2,Saline,9,5,,0
0.195019833609955010,0.849754192892877010,3.132858566516790100,1.229906647813670000,0.649947754137189970,0.630702244768447050,0.771273940899941950,1.139406807140499900,21.195258,180406-1417 Saline Elite-38-2 6,Helium,,Elite-38,2,Saline,9,6,,0
0.195063955180419000,0.849747151731966020,3.135962558907139800,1.229705697000580000,0.649679708500918050,0.630457241113182020,0.771073858760840000,1.139587284177479900,21.190861,180406-1418 Saline Elite-38-2 7,Helium,,Elite-38,2,Saline,9,7,,0
0.195111112037080010,0.849800201036007950,3.141976303048660000,1.229689265863820100,0.649771632073485980,0.630552693559790050,0.771155358183727050,1.139784792720840000,21.184603,180406-1419 Saline Elite-38-2 8,Helium,,Elite-38,2,Saline,9,8,,0
0.195193547864073000,0.849848671755527030,3.145571878725530000,1.229791060460530000,0.649746508651095960,0.630570155849961010,0.771141668802540980,1.139395811591140000,21.178833,180406-1420 Saline Elite-38-2 9,Helium,,Elite-38,2,Saline,9,9,,0
0.195164192780257010,0.849800069179516000,3.141483633453470100,1.229911635840450000,0.649896989614492050,0.630730828716609020,0.771233035490740960,1.139675990807410100,21.172563,180406-1421 Saline Elite-38-2 10,Helium,,Elite-38,2,Saline,9,10,,0
0.195329388575232990,0.850085997425150010,3.141366282263999800,1.230373099443619900,0.650323989240246040,0.631109476881954960,0.771563800412367050,1.139837369227439900,21.167528,180406-1421 Saline Elite-38-2 11,Helium,,Elite-38,2,Saline,9,11,,0
0.195133787720238010,0.849756413162438000,3.147815171748690000,1.229905841450630100,0.649808600596668010,0.630617791526149050,0.771110681053472020,1.139307427918629900,21.162508,180406-1422 Saline Elite-38-2 12,Helium,,Elite-38,2,Saline,9,12,,0
0.195179422271772010,0.849758210623681950,3.141507290578490000,1.230055615382400000,0.650032493571393030,0.630818563898579040,0.771272482715022020,1.139589699148170000,21.158716,180406-1423 Saline Elite-38-2 13,Helium,,Elite-38,2,Saline,9,13,,0
0.195245935913118010,0.849908128015278040,3.139986450186449800,1.230385835531800000,0.650320544742401970,0.631163841566699020,0.771579726426494970,1.139951845626719900,21.153468,180406-1424 Saline Elite-38-2 14,Helium,,Elite-38,2,Saline,9,14,,0
0.195284065016873010,0.849921396533021010,3.145922015362359900,1.230556082377380000,0.650391031900163010,0.631209594410872990,0.771556691408370020,1.139717174174740100,21.150303,180406-1424 Saline Elite-38-2 15,Helium,,Elite-38,2,Saline,9,15,,0
0.193578745414794000,0.849243781131338030,3.148634544829250100,1.227111442567600000,0.647675671485850040,0.628464580289895050,0.769385134678316040,1.138663072747560000,21.354388,180406-1514 Saline Elite-38-2 1,Helium,,Elite-38,2,Saline,9,1,,0
0.193458263915689990,0.849080303949629970,3.131283392736900200,1.227221883615170000,0.647774179722741980,0.628532848415770950,0.769336913142654950,1.138592356450530000,21.337704,180406-1515 Saline Elite-38-2 2,Helium,,Elite-38,2,Saline,9,2,,0
0.193510955859342000,0.849122892640842950,3.150476213485629900,1.227321494812660100,0.647839966867626020,0.628600574738959030,0.769488256591216000,1.138452612548900100,21.320981,180406-1516 Saline Elite-38-2 3,Helium,,Elite-38,2,Saline,9,3,,0
0.193529093368975000,0.849039143468435010,3.140641036701620000,1.227479614162509900,0.647904592812741040,0.628666771838858000,0.769511975172691990,1.138629478978750100,21.309712,180406-1517 Saline Elite-38-2 4,Helium,,Elite-38,2,Saline,9,4,,0
0.193572128947397000,0.848955737669761960,3.152866619279199900,1.227548571243380000,0.647942114388007970,0.628748942160403000,0.769485582847784010,1.138377337565100100,21.297953,180406-1517 Saline Elite-38-2 5,Helium,,Elite-38,2,Saline,9,5,,0
0.193495265442744010,0.848922474394284030,3.139318758015269900,1.227705179271580100,0.648021612737998960,0.628742158120056960,0.769474327517785990,1.138329114479200000,21.283230,180406-1518 Saline Elite-38-2 6,Helium,,Elite-38,2,Saline,9,6,,0
0.193495512139598010,0.848885199373057950,3.145114863935659900,1.227762881367189900,0.648042789630006060,0.628807862016321000,0.769450633859330990,1.138111174883960100,21.269729,180406-1519 Saline Elite-38-2 7,Helium,,Elite-38,2,Saline,9,7,,0
0.193502350815260990,0.848763826512252020,3.154206675241610000,1.227812449633759900,0.648079007685838040,0.628889266066439020,0.769472471016254040,1.138335681872550100,21.257623,180406-1520 Saline Elite-38-2 8,Helium,,Elite-38,2,Saline,9,8,,0
0.193485866486764000,0.848758898864386050,3.141733519748469900,1.228044614645110100,0.648161120004161040,0.628969438054065020,0.769545777030625990,1.138182188873390100,21.234909,180406-1521 Saline Elite-38-2 10,Helium,,Elite-38,2,Saline,9,10,,0
0.193404055537278990,0.848668969271426990,3.138686827304349800,1.227966897282680000,0.648153513083090990,0.628914503694920970,0.769512885751084010,1.138116407977840100,21.246298,180406-1521 Saline Elite-38-2 9,Helium,,Elite-38,2,Saline,9,9,,0
0.193437990672400000,0.848593805521457020,3.144959703117160100,1.228135901352730000,0.648216183153044970,0.628951274489273020,0.769512969978180970,1.138076039188459900,21.223100,180406-1522 Saline Elite-38-2 11,Helium,,Elite-38,2,Saline,9,11,,0
0.193524500612814010,0.848579829377239970,3.145884583138950100,1.228226210655610100,0.648240280371366050,0.629049821096275050,0.769487497188361960,1.138282118262030000,21.212870,180406-1523 Saline Elite-38-2 12,Helium,,Elite-38,2,Saline,9,12,,0
0.193423446304627990,0.848479653256141050,3.144905619612770000,1.228296203693840100,0.648259107230404030,0.629035256589036030,0.769551369371167970,1.138066163758260100,21.203168,180406-1524 Saline Elite-38-2 13,Helium,,Elite-38,2,Saline,9,13,,0
0.193461961194022010,0.848445893139597950,0.000000000000000000,1.228352953590440100,0.648355072017013030,0.629088468626577970,0.769620774958882040,1.138127296047080100,21.193185,180406-1524 Saline Elite-38-2 14,Helium,,Elite-38,2,Saline,9,14,,0
0.193462761414702010,0.848401737707268010,3.154582346138500100,1.228420901274090100,0.648328105803505970,0.629111951920063970,0.769562939619460980,1.138026035388360000,21.185737,180406-1525 Saline Elite-38-2 15,Helium,,Elite-38,2,Saline,9,15,,0
0.193341259450037000,0.848147502674101990,3.145686776257960100,1.227565763635080100,0.647751946204553010,0.628521148854233050,0.769225087586717040,1.138522662036070000,21.258090,180406-1153 Saline Elite-39-2 1,Helium,,Elite-39,2,Saline,9,1,,0
0.193349749819473000,0.848158204919567950,3.152915974571389900,1.227701231063089900,0.647876284630424020,0.628582254702326980,0.769289717897775010,1.138013010059580000,21.250623,180406-1154 Saline Elite-39-2 2,Helium,,Elite-39,2,Saline,9,2,,0
0.193444644252592000,0.848352273923956960,3.139225059136820000,1.227757824115730100,0.647932947065195000,0.628621954461990980,0.769274385076707980,1.137852970069450000,21.240219,180406-1155 Saline Elite-39-2 3,Helium,,Elite-39,2,Saline,9,3,,0
0.193414536815507990,0.848257436293043950,3.129234179206160000,1.227736968292860100,0.647901382725290960,0.628610495310398030,0.769194544333840050,1.137602013443459900,21.230296,180406-1156 Saline Elite-39-2 4,Helium,,Elite-39,2,Saline,9,4,,0
0.193367223993517990,0.848239055037137040,3.152333484760680100,1.227796224091610000,0.647916929197853040,0.628686182518252030,0.769188900205477030,1.137785843907450000,21.221823,180406-1156 Saline Elite-39-2 5,Helium,,Elite-39,2,Saline,9,5,,0
0.193340859999442010,0.848294703455705010,3.142572779938110000,1.227907703031640100,0.647974854191158970,0.628703072833432960,0.769177869557372000,1.137696597647370100,21.213939,180406-1157 Saline Elite-39-2 6,Helium,,Elite-39,2,Saline,9,6,,0
0.193387802413212990,0.848200990035168020,0.000000000000000000,1.227934873601380000,0.647992179377658960,0.628731598869617050,0.769202712266005010,1.137813343332080100,21.206167,180406-1158 Saline Elite-39-2 7,Helium,,Elite-39,2,Saline,9,7,,0
0.193394436382897990,0.848152458655445970,3.143394602246550200,1.227990552318380100,0.648053514445994020,0.628747514042974020,0.769229255615090040,1.137657972292440000,21.198956,180406-1159 Saline Elite-39-2 8,Helium,,Elite-39,2,Saline,9,8,,0
0.193497233121076000,0.848279330263007950,3.145142601214579800,1.228205390541740000,0.648209906935197980,0.628954011876091010,0.769384302211814970,1.138000972010490000,21.187194,180406-1200 Saline Elite-39-2 10,Helium,,Elite-39,2,Saline,9,10,,0
0.193385824231728010,0.848195680908365950,3.139622110856040000,1.228107869066640000,0.648082791996452020,0.628843019001668950,0.769260305472061030,1.137600952222449900,21.192587,180406-1200 Saline Elite-39-2 9,Helium,,Elite-39,2,Saline,9,9,,0
0.193390605530680990,0.848116227914464950,3.130638511074689900,1.228159864179150000,0.648113653843348960,0.628841232855305020,0.769337097309255040,1.137367021229220000,21.180375,180406-1201 Saline Elite-39-2 11,Helium,,Elite-39,2,Saline,9,11,,0
0.193434632718122000,0.848034526058556000,3.139385590926030200,1.228181746644920100,0.648107666475279950,0.628867140145006000,0.769357739130193010,1.137659379278980000,21.175516,180406-1202 Saline Elite-39-2 12,Helium,,Elite-39,2,Saline,9,12,,0
0.193529871563694000,0.848116435405722010,3.150012148197180100,1.228236320050889900,0.648134151664647050,0.628894572444083980,0.769402250020865040,1.137997654344520000,21.170159,180406-1203 Saline Elite-39-2 13,Helium,,Elite-39,2,Saline,9,13,,0
0.193454570691769000,0.848062871284692040,3.136226534845480100,1.228284367024210100,0.648172079968773020,0.628904846983842970,0.769411631353108970,1.137647382851360000,21.164306,180406-1203 Saline Elite-39-2 14,Helium,,Elite-39,2,Saline,9,14,,0
0.193461405416788000,0.848060843676667010,3.142363550305140100,1.228316293442810000,0.648169769886405960,0.628909801762268960,0.769378385320914960,1.137944621605130100,21.159204,180406-1204 Saline Elite-39-2 15,Helium,,Elite-39,2,Saline,9,15,,0
0.193480239858876000,0.847233922859016000,3.139451950676150000,1.228948094715109900,0.648406871449249020,0.629106138764187970,0.769461532324719030,1.137922334601290100,21.087684,180406-1259 Saline Elite-40-2 1,Helium,,Elite-40,2,Saline,9,1,,0
0.193337761255562010,0.847223175208275950,3.150985012487350200,1.228890857646380000,0.648352329053008990,0.629061473431364980,0.769413032652402020,1.137113191226570000,21.089904,180406-1259 Saline Elite-40-2 2,Helium,,Elite-40,2,Saline,9,2,,0
0.193390425913194000,0.847318174792609960,3.133680341354459800,1.228907381980100000,0.648360706271502000,0.629070433249514950,0.769418814621188000,1.137457749993489900,21.091305,180406-1300 Saline Elite-40-2 3,Helium,,Elite-40,2,Saline,9,3,,0
0.193416017591013010,0.847443817508667040,3.147900350122459800,1.228874274729040000,0.648389405688805990,0.629058694664047960,0.769433127037161050,1.137214387600030000,21.092303,180406-1301 Saline Elite-40-2 4,Helium,,Elite-40,2,Saline,9,4,,0
0.193409520917324000,0.847366804071748030,3.146893595567620000,1.228871320574950000,0.648403364150453960,0.629089692984038050,0.769447614753582030,1.137363791890500000,21.092335,180406-1302 Saline Elite-40-2 5,Helium,,Elite-40,2,Saline,9,5,,0
0.193442713117681990,0.847410045712966960,3.148819337735900200,1.228856392302279900,0.648386024667762960,0.629092524781690980,0.769441998979065960,1.137471618675840000,21.092608,180406-1303 Saline Elite-40-2 6,Helium,,Elite-40,2,Saline,9,6,,0
0.193404046318375990,0.847391412662837020,3.152361020554300000,1.228882553415080000,0.648413638092938950,0.629067336038645950,0.769407895002001020,1.137263359077129900,21.092298,180406-1303 Saline Elite-40-2 7,Helium,,Elite-40,2,Saline,9,7,,0
0.193474401800396990,0.847521447076833970,3.133788739116059900,1.228881131529419900,0.648435573176521010,0.629121667091719020,0.769501447768501050,1.137250143877280000,21.091761,180406-1304 Saline Elite-40-2 8,Helium,,Elite-40,2,Saline,9,8,,0
0.193461899035767990,0.847546041731067960,3.145884849672850000,1.228863623417510100,0.648458347677471010,0.629148415025959970,0.769473455818603050,1.137414206666470100,21.091475,180406-1305 Saline Elite-40-2 9,Helium,,Elite-40,2,Saline,9,9,,0
0.193501606131599000,0.847564393187787980,3.139138473270440200,1.228882617262049900,0.648447310535165020,0.629113697471802010,0.769501788084215990,1.137465929106530100,21.091402,180406-1306 Saline Elite-40-2 10,Helium,,Elite-40,2,Saline,9,10,,0
0.193508623439141990,0.847628435002248050,3.149390821145519900,1.228892002504000000,0.648469176868081030,0.629163961168263010,0.769512091981038980,1.137330325406650000,21.091296,180406-1306 Saline Elite-40-2 11,Helium,,Elite-40,2,Saline,9,11,,0
0.193409566901820010,0.847461836276769960,3.145493240993220100,1.228894663168290000,0.648457719219146970,0.629153866150958030,0.769420354937825010,1.137060583932689900,21.091036,180406-1307 Saline Elite-40-2 12,Helium,,Elite-40,2,Saline,9,12,,0
0.193486081165771010,0.847540325192443040,3.141490617569130200,1.228900297249480000,0.648459810184727980,0.629127621945631990,0.769438360659116970,1.137429913274280000,21.091068,180406-1308 Saline Elite-40-2 13,Helium,,Elite-40,2,Saline,9,13,,0
0.193514680140589010,0.847587883729960970,3.138790742012449900,1.228925809535140100,0.648458254185368950,0.629221341278570990,0.769543857685773050,1.138104916979739900,21.090221,180406-1309 Saline Elite-40-2 14,Helium,,Elite-40,2,Saline,9,14,,0
0.193451555758627990,0.847516870090712970,3.140568372339319800,1.228907161773469900,0.648454363543178980,0.629145872826114010,0.769461722585434990,1.137564158705930000,21.091135,180406-1310 Saline Elite-40-2 15,Helium,,Elite-40,2,Saline,9,15,,0
